station,fold,horizon_steps,method,worst_undercoverage,mean_abs_coverage_error,mean_normalized_width,mean_normalized_interval_score,attempted_predictions,usable_predictions,unavailable_predictions,minimum_group_availability,mean_group_service_coverage
CSGS2,q1_2020,1,clean_condition_cqr,0.7306010928961749,0.2311798183285334,0.30078592557285316,0.603345806707952,29120,29120,0,1.0,0.7277918401864569
CSGS2,q1_2020,1,lgbm_condition_cqr,0.5994535519125683,0.19258783516080066,0.3145266874772902,0.5609225087063561,29120,29120,0,1.0,0.754336469040582
CSGS2,q1_2020,1,oracle_ramp_mondrian,0.06362347101577737,0.020328566322097296,0.23592820856554417,0.30244381866435666,29120,29120,0,1.0,0.8899479125799304
CSGS2,q1_2020,1,persistence_condition_cqr,0.9,0.31304568523001486,0.33158509277860737,0.8205164950345554,29120,29120,0,1.0,0.6562150841371187
CSGS2,q1_2020,1,robust_condition_cqr,0.5174863387978142,0.23365967162741946,0.15416329410384436,0.47052711675412534,29120,29120,0,1.0,0.6869501493263122
CSGS2,q1_2020,1,robust_local_cqr,0.43005464480874317,0.18854158129928905,0.17776775832165084,0.39959451961097275,29120,29120,0,1.0,0.7391981811541767
CSGS2,q1_2020,1,robust_risk_mondrian,0.46284153005464485,0.20234328486888056,0.16833201189907165,0.4256688996186709,29120,29120,0,1.0,0.7179474437253404
CSGS2,q1_2020,1,robust_rolling_cqr,0.5174863387978142,0.22278923920593083,0.16025383568860568,0.4615626932472831,29120,29120,0,1.0,0.6949203867469145
CSGS2,q1_2020,4,clean_condition_cqr,0.3334038054968288,0.10406255494319885,0.317133808071453,0.5008207921135626,29120,29120,0,1.0,0.8475720686852707
CSGS2,q1_2020,4,lgbm_condition_cqr,0.312262156448203,0.11298400686204746,0.31143216546838487,0.44351443675177543,29120,29120,0,1.0,0.846345529060779
CSGS2,q1_2020,4,oracle_ramp_mondrian,0.04259017006167076,0.022543912086140684,0.2531043301531718,0.3559786966633353,29120,29120,0,1.0,0.8792742697320411
CSGS2,q1_2020,4,persistence_condition_cqr,0.5469344608879493,0.21913044646374216,0.498405906663571,0.8243867622113628,29120,29120,0,1.0,0.7709274866328754
CSGS2,q1_2020,4,robust_condition_cqr,0.2826638477801269,0.09957900817179458,0.20351289841866738,0.40691265814915656,29120,29120,0,1.0,0.8023682913983793
CSGS2,q1_2020,4,robust_local_cqr,0.14524312896405922,0.051813713269298636,0.23533486787120492,0.3522646439623709,29120,29120,0,1.0,0.8632302037555565
CSGS2,q1_2020,4,robust_risk_mondrian,0.14312896405919662,0.05921292694693018,0.2275911261473707,0.37450475972565334,29120,29120,0,1.0,0.8489462956282894
CSGS2,q1_2020,4,robust_rolling_cqr,0.24038054968287526,0.08215851851207992,0.22074579821120593,0.3904288671114842,29120,29120,0,1.0,0.8263445650237078
CSGS2,q2_2020,1,clean_condition_cqr,0.6804154302670623,0.3134757903628701,0.25655460936800745,0.9781037466870941,29120,29120,0,1.0,0.5921046725494682
CSGS2,q2_2020,1,lgbm_condition_cqr,0.47863501483679527,0.2578590885713683,0.27632111829242867,0.8295149428797053,29120,29120,0,1.0,0.6513663533823404
CSGS2,q2_2020,1,oracle_ramp_mondrian,0.072106824925816,0.024102277895581625,0.26335319986187883,0.3655005735183013,29120,29120,0,1.0,0.8765428833947408
CSGS2,q2_2020,1,persistence_condition_cqr,0.9,0.313217613360741,0.2853911691067814,1.0387102092806597,29120,29120,0,1.0,0.5880617742827801
CSGS2,q2_2020,1,robust_condition_cqr,0.499406528189911,0.2066533522180022,0.18093270259619224,0.5406501941315105,29120,29120,0,1.0,0.6965943241078589
CSGS2,q2_2020,1,robust_local_cqr,0.40741839762611276,0.17253660797385134,0.2145980090645942,0.4744453275324605,29120,29120,0,1.0,0.7547205452975174
CSGS2,q2_2020,1,robust_risk_mondrian,0.45192878338278936,0.18513260639255774,0.19211888757083462,0.5085854920023097,29120,29120,0,1.0,0.7265604863721589
CSGS2,q2_2020,1,robust_rolling_cqr,0.4875370919881306,0.2089839539802468,0.1871780235715001,0.5310924563194285,29120,29120,0,1.0,0.7122480489357363
CSGS2,q2_2020,4,clean_condition_cqr,0.3236983842010772,0.1612658063025123,0.2826823310693475,0.7508398655792049,29120,29120,0,1.0,0.7488500091522058
CSGS2,q2_2020,4,lgbm_condition_cqr,0.2788150807899462,0.11843287649566987,0.2956369043561484,0.5755514475009242,29120,29120,0,1.0,0.7831505675901476
CSGS2,q2_2020,4,oracle_ramp_mondrian,0.09030520646319573,0.04611717073107546,0.26681434786706043,0.45950857319171173,29120,29120,0,1.0,0.8613557740192569
CSGS2,q2_2020,4,persistence_condition_cqr,0.9,0.35874019972601334,0.44149402451274106,1.1326699400953872,29120,29120,0,1.0,0.5777929310884921
CSGS2,q2_2020,4,robust_condition_cqr,0.2608617594254937,0.11669740694320078,0.2308775504016496,0.521362629304048,29120,29120,0,1.0,0.8061049473381738
CSGS2,q2_2020,4,robust_local_cqr,0.16211849192100536,0.08061426469269893,0.26576520436009543,0.4837134856937011,29120,29120,0,1.0,0.8475801533821065
CSGS2,q2_2020,4,robust_risk_mondrian,0.23572710951526032,0.08593905551281497,0.2595063434933281,0.49865775589701766,29120,29120,0,1.0,0.8263297882312518
CSGS2,q2_2020,4,robust_rolling_cqr,0.24829443447037702,0.11555854531398539,0.22915754138796504,0.5328739434538832,29120,29120,0,1.0,0.8010163550087789
CSGS2,q3_2020,1,clean_condition_cqr,0.6808764940239044,0.22217645649440554,0.32067803842960324,0.6028152854846416,29440,29440,0,1.0,0.7303836278091466
CSGS2,q3_2020,1,lgbm_condition_cqr,0.5294820717131474,0.16363065036289118,0.33117899568102194,0.5237263642294445,29440,29440,0,1.0,0.77940754279317
CSGS2,q3_2020,1,oracle_ramp_mondrian,0.01051978002483589,0.03413680385783459,0.2723931805626,0.30598959669656406,29440,29440,0,1.0,0.9318093247022554
CSGS2,q3_2020,1,persistence_condition_cqr,0.9,0.3070233170564151,0.3157553566341274,0.7905696266961451,29440,29440,0,1.0,0.6480591736301203
CSGS2,q3_2020,1,robust_condition_cqr,0.549402390438247,0.20901082559950018,0.17345464283582293,0.41183508831158927,29440,29440,0,1.0,0.7221582359580659
CSGS2,q3_2020,1,robust_local_cqr,0.3820717131474104,0.14203416951318376,0.19577304772437737,0.36234751226629003,29440,29440,0,1.0,0.7794843687163711
CSGS2,q3_2020,1,robust_risk_mondrian,0.39003984063745023,0.1581360207564279,0.18874464225349458,0.37475854928475866,29440,29440,0,1.0,0.7700882119914876
CSGS2,q3_2020,1,robust_rolling_cqr,0.5374501992031873,0.19599346096190012,0.17771655135300093,0.40361818306106445,29440,29440,0,1.0,0.7226866880535336
CSGS2,q3_2020,4,clean_condition_cqr,0.24075723830734974,0.08448438256901508,0.34548832810496777,0.5106303733091314,29440,29440,0,1.0,0.8712104404754738
CSGS2,q3_2020,4,lgbm_condition_cqr,0.1494432071269488,0.06612338259808831,0.34542523747050086,0.4521012211323431,29440,29440,0,1.0,0.897392870348645
CSGS2,q3_2020,4,oracle_ramp_mondrian,0.0,0.03135782935337498,0.2971603676419837,0.3774742981105165,29440,29440,0,1.0,0.931357829353375
CSGS2,q3_2020,4,persistence_condition_cqr,0.9,0.32819937341095473,0.4733932171985213,0.8638674707387304,29440,29440,0,1.0,0.6506938054822242
CSGS2,q3_2020,4,robust_condition_cqr,0.15835189309576836,0.07881750665715032,0.22366643052914686,0.3999726540913574,29440,29440,0,1.0,0.8596638318241882
CSGS2,q3_2020,4,robust_local_cqr,0.11158129175946552,0.05228824570218145,0.2380819351415726,0.37296311070072297,29440,29440,0,1.0,0.8799051722055221
CSGS2,q3_2020,4,robust_risk_mondrian,0.07817371937639206,0.052091039268894836,0.24413980489973638,0.38648967709475945,29440,29440,0,1.0,0.8903983889348192
CSGS2,q3_2020,4,robust_rolling_cqr,0.18507795100222724,0.07776947894669817,0.21380577953581134,0.40223838227849873,29440,29440,0,1.0,0.8390166949823328
CSGS2,q4_2020,1,clean_condition_cqr,0.6846153846153846,0.21472445464982778,0.2899825161694117,0.623211065081618,29440,29440,0,1.0,0.7193338253786015
CSGS2,q4_2020,1,lgbm_condition_cqr,0.5346153846153847,0.1924391777376852,0.3098539029253915,0.5620160443425937,29440,29440,0,1.0,0.7298280575146248
CSGS2,q4_2020,1,oracle_ramp_mondrian,0.04615384615384621,0.02019982505057131,0.2312390489363371,0.3160873641498306,29440,29440,0,1.0,0.9003578262533486
CSGS2,q4_2020,1,persistence_condition_cqr,0.9,0.34712946257722377,0.26731770588931036,1.0710091727190232,29440,29440,0,1.0,0.5686274670603029
CSGS2,q4_2020,1,robust_condition_cqr,0.5038461538461538,0.23162593625280192,0.16002420901114484,0.44809662287797203,29440,29440,0,1.0,0.7031643977912634
CSGS2,q4_2020,1,robust_local_cqr,0.2961538461538462,0.1584825870646766,0.18993854898641477,0.38247213876278496,29440,29440,0,1.0,0.7984825870646766
CSGS2,q4_2020,1,robust_risk_mondrian,0.4,0.19658520583893718,0.17050767013606943,0.41928462370560143,29440,29440,0,1.0,0.7396621289158603
CSGS2,q4_2020,1,robust_rolling_cqr,0.5076923076923077,0.21921136077852496,0.16257552013645823,0.44242936193629134,29440,29440,0,1.0,0.7022882838554481
CSGS2,q4_2020,4,clean_condition_cqr,0.3220779220779221,0.09570093837385749,0.3050277394456869,0.5339597974676105,29440,29440,0,1.0,0.8345205868769761
CSGS2,q4_2020,4,lgbm_condition_cqr,0.2623376623376623,0.08863633826119172,0.31117530313800645,0.4537485469648058,29440,29440,0,1.0,0.8522922915302752
CSGS2,q4_2020,4,oracle_ramp_mondrian,0.036363636363636376,0.022179524266276906,0.23801224838140503,0.3377783891930266,29440,29440,0,1.0,0.9021795242662769
CSGS2,q4_2020,4,persistence_condition_cqr,0.9,0.3778506721883041,0.41838349544681536,1.1921821906692103,29440,29440,0,1.0,0.569370898737839
CSGS2,q4_2020,4,robust_condition_cqr,0.24935064935064932,0.10867440101906692,0.19159347637957216,0.3870007714203455,29440,29440,0,1.0,0.8211419334865994
CSGS2,q4_2020,4,robust_local_cqr,0.08961038961038958,0.055028039564968045,0.23857065199015168,0.3588787929962836,29440,29440,0,1.0,0.8898332343701629
CSGS2,q4_2020,4,robust_risk_mondrian,0.13636363636363635,0.0690296026755581,0.21560237144931352,0.36284936372428656,29440,29440,0,1.0,0.863834797480753
CSGS2,q4_2020,4,robust_rolling_cqr,0.21298701298701306,0.09868566759539797,0.19501875161128732,0.3795157221658814,29440,29440,0,1.0,0.8212830701928006
CSGS5,q1_2020,1,clean_condition_cqr,0.5826347305389221,0.19512817780808495,0.3269758750869992,0.7740936633439859,18530,18530,0,1.0,0.7057259147186055
CSGS5,q1_2020,1,lgbm_condition_cqr,0.4059880239520958,0.14469583963745108,0.35573336167247066,0.6614685050599921,18530,18530,0,1.0,0.755304160362549
CSGS5,q1_2020,1,oracle_ramp_mondrian,0.21702253855278764,0.03829490485221726,0.3537529767310908,0.47715524161917544,18530,18530,0,1.0,0.8809791449130209
CSGS5,q1_2020,1,persistence_condition_cqr,0.9,0.32129571956583713,0.30955978978747656,1.1123146515358062,18530,17086,1444,0.7944839857651246,0.5451751301667128
CSGS5,q1_2020,1,robust_condition_cqr,0.38203592814371257,0.18119018191375255,0.2605112792929444,0.6064485849978418,18530,18530,0,1.0,0.7295808738395096
CSGS5,q1_2020,1,robust_local_cqr,0.244311377245509,0.1393943785027809,0.29122741593333246,0.5464273420656698,18530,18530,0,1.0,0.7960623237510743
CSGS5,q1_2020,1,robust_risk_mondrian,0.2922155688622755,0.15568176813632523,0.2753445756238854,0.5731491608300077,18530,18530,0,1.0,0.7618508534532359
CSGS5,q1_2020,1,robust_rolling_cqr,0.36107784431137724,0.13928534390294142,0.2952567771806221,0.563724684620903,18530,18530,0,1.0,0.7822330428111748
CSGS5,q1_2020,4,clean_condition_cqr,0.2830570902394107,0.12808701657458565,0.3572263871631877,0.7740336717614291,17195,17195,0,1.0,0.7825621546961326
CSGS5,q1_2020,4,lgbm_condition_cqr,0.41381215469613264,0.15406537753222838,0.37800375952121495,0.7447717163709162,17195,17195,0,1.0,0.7473987108655618
CSGS5,q1_2020,4,oracle_ramp_mondrian,0.2532458563535912,0.053356353591160255,0.4107482786528801,0.6120966445894888,17195,17195,0,1.0,0.8467541436464089
CSGS5,q1_2020,4,persistence_condition_cqr,0.9,0.3673057540180405,0.47575056792352244,1.158434665298568,17195,15741,1454,0.7329650092081031,0.5180824125230202
CSGS5,q1_2020,4,robust_condition_cqr,0.2252762430939227,0.10360957642725603,0.340409600406444,0.6664829598283945,17195,17195,0,1.0,0.797329650092081
CSGS5,q1_2020,4,robust_local_cqr,0.17520718232044197,0.06547421731123389,0.38100157949826446,0.6083674092848727,17195,17195,0,1.0,0.8576887661141805
CSGS5,q1_2020,4,robust_risk_mondrian,0.2149171270718232,0.08452117863720077,0.36238056799597085,0.6459790056922143,17195,17195,0,1.0,0.8209484346224677
CSGS5,q1_2020,4,robust_rolling_cqr,0.13756906077348063,0.057773941068139954,0.4057215935791173,0.6120021435339396,17195,17195,0,1.0,0.8585750460405157
CSGS5,q2_2020,1,clean_condition_cqr,0.5155015197568389,0.1591437449216046,0.39052103074558453,0.7056554314848378,23490,23490,0,1.0,0.7640245719100786
CSGS5,q2_2020,1,lgbm_condition_cqr,0.3468085106382979,0.11584609828764032,0.40057467107255124,0.5958921819605286,23490,23490,0,1.0,0.8141043967618646
CSGS5,q2_2020,1,oracle_ramp_mondrian,0.013981762917933183,0.026969815522585695,0.3722713840667006,0.4255481524930076,23490,23490,0,1.0,0.9235047699298805
CSGS5,q2_2020,1,persistence_condition_cqr,0.9,0.30696282051664503,0.3840258075550236,0.956917403977602,23490,22032,1458,0.8215346534653465,0.6284521803244154
CSGS5,q2_2020,1,robust_condition_cqr,0.3635258358662614,0.1486581750880255,0.2937078532025238,0.522605009297976,23490,23490,0,1.0,0.7991141021396972
CSGS5,q2_2020,1,robust_local_cqr,0.2191489361702128,0.10986419994583044,0.3073926589543584,0.4870334960843258,23490,23490,0,1.0,0.832660552529417
CSGS5,q2_2020,1,robust_risk_mondrian,0.30729483282674774,0.12770057780854072,0.3109178898714848,0.4952536076597105,23490,23490,0,1.0,0.8274574167143157
CSGS5,q2_2020,1,robust_rolling_cqr,0.3240121580547113,0.15379021336784132,0.28022576956688977,0.5176755811363136,23490,23490,0,1.0,0.7948236480182972
CSGS5,q2_2020,4,clean_condition_cqr,0.33399089529590287,0.11875975093989695,0.43076605435966375,0.7418487912380912,22130,22130,0,1.0,0.8150358133668594
CSGS5,q2_2020,4,lgbm_condition_cqr,0.16555386949924134,0.06837665808778656,0.4541433189470735,0.6242525877895826,22130,22130,0,1.0,0.8616631613972148
CSGS5,q2_2020,4,oracle_ramp_mondrian,0.027465857359635804,0.017383104534103966,0.44804636299391165,0.5667404192119014,22130,22130,0,1.0,0.8958499516405748
CSGS5,q2_2020,4,persistence_condition_cqr,0.5783004552352049,0.2217351050995421,0.5576242611539581,0.9665999244168534,22130,20676,1454,0.8263870453942129,0.7078672184327357
CSGS5,q2_2020,4,robust_condition_cqr,0.20045523520485586,0.0867349593325634,0.39239261658480096,0.6299022110132879,22130,22130,0,1.0,0.8451871596360535
CSGS5,q2_2020,4,robust_local_cqr,0.14279210925644914,0.07418517087735396,0.3937140777339153,0.6060840218849091,22130,22130,0,1.0,0.8544583120002676
CSGS5,q2_2020,4,robust_risk_mondrian,0.14734446130500756,0.06929202687825306,0.400122125628804,0.6108937772908171,22130,22130,0,1.0,0.8556349707325778
CSGS5,q2_2020,4,robust_rolling_cqr,0.17465857359635817,0.08088527758632288,0.3847164725530866,0.6238363490294219,22130,22130,0,1.0,0.8444664611978554
CSGS5,q3_2020,1,clean_condition_cqr,0.35918367346938773,0.1418770653543494,0.4003565358448201,0.6283482646030445,22970,22970,0,1.0,0.8156865891638733
CSGS5,q3_2020,1,lgbm_condition_cqr,0.28775510204081634,0.10930931833542204,0.40227991027254567,0.5611720751249285,22970,22970,0,1.0,0.8345474135735174
CSGS5,q3_2020,1,oracle_ramp_mondrian,0.0018472291562656729,0.014293644567162834,0.32963165084621643,0.39195754511735104,22970,22970,0,1.0,0.9138561715250253
CSGS5,q3_2020,1,persistence_condition_cqr,0.6244897959183674,0.23140349091901888,0.40924601368291375,0.8012913994658574,22970,21510,1460,0.8210184722915627,0.7051704755791482
CSGS5,q3_2020,1,robust_condition_cqr,0.2945578231292517,0.14327063826029662,0.259418114996114,0.463047310143597,22970,22970,0,1.0,0.805855672273902
CSGS5,q3_2020,1,robust_local_cqr,0.18231292517006803,0.09661273396028407,0.28575942924844844,0.43254343690378283,22970,22970,0,1.0,0.8517147747766106
CSGS5,q3_2020,1,robust_risk_mondrian,0.20272108843537417,0.10476360289497726,0.2785605708476261,0.43637747633633095,22970,22970,0,1.0,0.8408180246636847
CSGS5,q3_2020,1,robust_rolling_cqr,0.2962585034013606,0.14426786690712232,0.2544351001613352,0.46710419601517933,22970,22970,0,1.0,0.79766922745134
CSGS5,q3_2020,4,clean_condition_cqr,0.2529411764705882,0.10932863944417734,0.4292830859256921,0.6309801783468609,21600,21600,0,1.0,0.8566910682866821
CSGS5,q3_2020,4,lgbm_condition_cqr,0.20740037950664136,0.06792664605877899,0.4457730991199148,0.5682765635984868,21600,21600,0,1.0,0.8676609914098226
CSGS5,q3_2020,4,oracle_ramp_mondrian,0.005984708673872907,0.014808093006642098,0.40147808976919075,0.4736497464347648,21600,21600,0,1.0,0.9131177926380915
CSGS5,q3_2020,4,persistence_condition_cqr,0.581214421252372,0.2378192166343888,0.5520099122251627,0.9540038339758257,21600,20140,1460,0.8207223833377274,0.6930049912177181
CSGS5,q3_2020,4,robust_condition_cqr,0.18842504743833022,0.08529729437678817,0.33109575664628543,0.5195703876183821,21600,21600,0,1.0,0.846208110316067
CSGS5,q3_2020,4,robust_local_cqr,0.14478178368121442,0.06739389597635911,0.35325141558084394,0.49198522914669496,21600,21600,0,1.0,0.8746045221623173
CSGS5,q3_2020,4,robust_risk_mondrian,0.15996204933586344,0.07452332795206991,0.3390375448704369,0.5119621038961312,21600,21600,0,1.0,0.855927502525125
CSGS5,q3_2020,4,robust_rolling_cqr,0.20740037950664136,0.09058297242848731,0.32193688482432187,0.5273115295420402,21600,21600,0,1.0,0.8351750027890187
CSGS5,q4_2020,1,clean_condition_cqr,0.4824915824915825,0.17041548342260088,0.36208122484017136,0.6195343714125047,18345,18345,0,1.0,0.7901461231532406
CSGS5,q4_2020,1,lgbm_condition_cqr,0.36464646464646466,0.126517607869921,0.3792506465322588,0.5589617484474807,18345,18345,0,1.0,0.8259115472638605
CSGS5,q4_2020,1,oracle_ramp_mondrian,0.023962040332147105,0.011789903782786337,0.32440864995157015,0.40640792561647404,18345,18345,0,1.0,0.9022268952873935
CSGS5,q4_2020,1,persistence_condition_cqr,0.6138047138047138,0.2418707724100729,0.3872432885995941,0.7980471218817408,18345,16875,1470,0.788552787663108,0.6700510442503325
CSGS5,q4_2020,1,robust_condition_cqr,0.34444444444444444,0.15716788286183303,0.2548594250368308,0.49458860260195187,18345,18345,0,1.0,0.7754418443030542
CSGS5,q4_2020,1,robust_local_cqr,0.2400673400673401,0.12069538804414251,0.27841353775463157,0.46198574827070427,18345,18345,0,1.0,0.8257458930946475
CSGS5,q4_2020,1,robust_risk_mondrian,0.2905723905723906,0.13196226799429647,0.26611301869986015,0.4726176348523742,18345,18345,0,1.0,0.7952619312939598
CSGS5,q4_2020,1,robust_rolling_cqr,0.33771043771043774,0.15241891033705982,0.2563504925546958,0.49234065849281905,18345,18345,0,1.0,0.7780081359262854
CSGS5,q4_2020,4,clean_condition_cqr,0.2568464730290456,0.09268438075065102,0.39423475214991816,0.5711749618629625,16965,16965,0,1.0,0.86853500315729
CSGS5,q4_2020,4,lgbm_condition_cqr,0.3128630705394191,0.09830709385347605,0.4120235388642257,0.535996137946367,16965,16965,0,1.0,0.8603817826501565
CSGS5,q4_2020,4,oracle_ramp_mondrian,0.027104087942287913,0.02552591329782152,0.38375051970265883,0.4496255074525638,16965,16965,0,1.0,0.920105095709364
CSGS5,q4_2020,4,persistence_condition_cqr,0.7236514522821577,0.3028687837835768,0.5189350335521642,1.0209496073134565,16965,15495,1470,0.6970954356846473,0.5828844232279621
CSGS5,q4_2020,4,robust_condition_cqr,0.19668049792531117,0.0872233522580682,0.3174202441335437,0.48888320251385287,16965,16965,0,1.0,0.850179602053165
CSGS5,q4_2020,4,robust_local_cqr,0.15103734439834027,0.06973142365986222,0.33456791795501495,0.46723703375238257,16965,16965,0,1.0,0.8709762369378705
CSGS5,q4_2020,4,robust_risk_mondrian,0.13236514522821574,0.06703643783559568,0.3283242372311955,0.4788117999646784,16965,16965,0,1.0,0.8599920747030507
CSGS5,q4_2020,4,robust_rolling_cqr,0.21120331950207472,0.08869283915210727,0.3134101238063098,0.4903935700203325,16965,16965,0,1.0,0.837655494753767
CSGS6,q1_2020,1,clean_condition_cqr,0.6404371584699453,0.19329977353140826,0.36245319043961916,0.7320242579253691,29120,29120,0,1.0,0.7308289631502962
CSGS6,q1_2020,1,lgbm_condition_cqr,0.37814207650273224,0.1118523568952778,0.39804931930100784,0.5759293708303266,29120,29120,0,1.0,0.8219497323826058
CSGS6,q1_2020,1,oracle_ramp_mondrian,0.03934426229508203,0.03626152617003768,0.2761693395218233,0.38063836788486294,29120,29120,0,1.0,0.902954303804312
CSGS6,q1_2020,1,persistence_condition_cqr,0.9,0.31217818332542396,0.3465537515145186,1.0820734075902525,29120,29120,0,1.0,0.6241867855276357
CSGS6,q1_2020,1,robust_condition_cqr,0.4109289617486339,0.19988516380427188,0.1853507329466562,0.5372172548951528,29120,29120,0,1.0,0.7419616665365123
CSGS6,q1_2020,1,robust_local_cqr,0.3098360655737705,0.1599119555793171,0.21205019318593168,0.48627710927092915,29120,29120,0,1.0,0.8036278025738526
CSGS6,q1_2020,1,robust_risk_mondrian,0.3453551912568307,0.18171951934994907,0.20126161642993062,0.49965634572559015,29120,29120,0,1.0,0.7707905576013152
CSGS6,q1_2020,1,robust_rolling_cqr,0.40819672131147544,0.197501937297635,0.18917002403006675,0.5305368260929786,29120,29120,0,1.0,0.7516002979533727
CSGS6,q1_2020,4,clean_condition_cqr,0.12148760330578512,0.057592988640393784,0.2732535004522647,0.41870827646655534,29120,29120,0,1.0,0.869226500732589
CSGS6,q1_2020,4,lgbm_condition_cqr,0.10524490680537502,0.05648335823060968,0.3245787839710158,0.4016248293397967,29120,29120,0,1.0,0.8920657574682874
CSGS6,q1_2020,4,oracle_ramp_mondrian,0.026354573038578244,0.006073609961776416,0.20246311286399116,0.3251537468238833,29120,29120,0,1.0,0.8996115666655919
CSGS6,q1_2020,4,persistence_condition_cqr,0.4090909090909091,0.18333121975160044,0.531714698654683,0.8252953463038292,29120,29120,0,1.0,0.7770502280160632
CSGS6,q1_2020,4,robust_condition_cqr,0.0694214876033058,0.040936854058972516,0.1675342437542591,0.3358649012243881,29120,29120,0,1.0,0.8806062755465758
CSGS6,q1_2020,4,robust_local_cqr,0.03223140495867771,0.03348038846915783,0.20081440459722605,0.3200743294137728,29120,29120,0,1.0,0.9126539421881661
CSGS6,q1_2020,4,robust_risk_mondrian,0.044628099173553704,0.028172683209921657,0.18910390729066123,0.33195438257903614,29120,29120,0,1.0,0.8965607368160862
CSGS6,q1_2020,4,robust_rolling_cqr,0.06776859504132238,0.03903172880238727,0.17328018026792422,0.3335755431010753,29120,29120,0,1.0,0.8849821420255278
CSGS6,q2_2020,1,clean_condition_cqr,0.5960985626283368,0.17717975206214104,0.39312088336341516,0.634572898198274,29120,29120,0,1.0,0.7893358095570076
CSGS6,q2_2020,1,lgbm_condition_cqr,0.42156057494866533,0.12925209657580125,0.3692572906246792,0.5407861341570795,29120,29120,0,1.0,0.8043214643115609
CSGS6,q2_2020,1,oracle_ramp_mondrian,0.0053026044594342014,0.03955779631482821,0.3124270577016421,0.3541226069008858,29120,29120,0,1.0,0.9384972754229415
CSGS6,q2_2020,1,persistence_condition_cqr,0.9,0.304437680614085,0.3660328519553423,0.9261632439736985,29120,29120,0,1.0,0.664437680614085
CSGS6,q2_2020,1,robust_condition_cqr,0.3455852156057495,0.1635367984305451,0.194652450416082,0.44622921022051376,29120,29120,0,1.0,0.7631261208124753
CSGS6,q2_2020,1,robust_local_cqr,0.22032854209445585,0.11772773774498205,0.23303077063135902,0.40110530455283255,29120,29120,0,1.0,0.829021372241902
CSGS6,q2_2020,1,robust_risk_mondrian,0.29425051334702257,0.13547929125215122,0.21546915522861582,0.4136089608928243,29120,29120,0,1.0,0.8007770325252519
CSGS6,q2_2020,1,robust_rolling_cqr,0.3414784394250514,0.16684145666281539,0.1973124623685319,0.44370642975407737,29120,29120,0,1.0,0.770126877607374
CSGS6,q2_2020,4,clean_condition_cqr,0.2708791208791209,0.07900706436420722,0.3024555200583269,0.47978804457408797,29120,29120,0,1.0,0.8513147566718995
CSGS6,q2_2020,4,lgbm_condition_cqr,0.17884615384615388,0.07506671899529042,0.32838027700021544,0.4188015454508519,29120,29120,0,1.0,0.8900117739403454
CSGS6,q2_2020,4,oracle_ramp_mondrian,0.06758241758241756,0.037578492935635824,0.24060193997362395,0.40649995457254295,29120,29120,0,1.0,0.8624215070643642
CSGS6,q2_2020,4,persistence_condition_cqr,0.38489010989010997,0.17298665620094192,0.5693468801004551,0.810723436413013,29120,29120,0,1.0,0.8420525902668758
CSGS6,q2_2020,4,robust_condition_cqr,0.21181318681318684,0.08914442700156985,0.20362874920067897,0.4502030075586589,29120,29120,0,1.0,0.8124803767660911
CSGS6,q2_2020,4,robust_local_cqr,0.11428571428571432,0.06387362637362638,0.24034897233294256,0.41344856450287315,29120,29120,0,1.0,0.8685439560439561
CSGS6,q2_2020,4,robust_risk_mondrian,0.13489010989010997,0.0643995290423862,0.22519526669615772,0.43359084096441575,29120,29120,0,1.0,0.8418563579277866
CSGS6,q2_2020,4,robust_rolling_cqr,0.19945054945054952,0.09175824175824177,0.21077937903936667,0.4440336705134037,29120,29120,0,1.0,0.8258241758241759
CSGS6,q3_2020,1,clean_condition_cqr,0.5432160804020101,0.1637556142078755,0.37364585135808887,0.6299518147345434,29440,29440,0,1.0,0.7823820798695171
CSGS6,q3_2020,1,lgbm_condition_cqr,0.3355108877721943,0.11183783213933966,0.37366558785074283,0.5384004173558686,29440,29440,0,1.0,0.8292917684877483
CSGS6,q3_2020,1,oracle_ramp_mondrian,0.05290115290115294,0.012811173615193716,0.2937832167274979,0.36602590118346007,29440,29440,0,1.0,0.8930905393216951
CSGS6,q3_2020,1,persistence_condition_cqr,0.9,0.31504922710952865,0.3413408723957391,0.8753227251257851,29440,29440,0,1.0,0.6473775353172339
CSGS6,q3_2020,1,robust_condition_cqr,0.37906197654941376,0.16865123829947953,0.21096168332944903,0.4784799268511167,29440,29440,0,1.0,0.7327209030726618
CSGS6,q3_2020,1,robust_local_cqr,0.22328308207705194,0.11199466114038978,0.250119483552574,0.41669206493974686,29440,29440,0,1.0,0.8222672931215644
CSGS6,q3_2020,1,robust_risk_mondrian,0.27688442211055275,0.13606366108878673,0.23137995357828967,0.4385218310038451,29440,29440,0,1.0,0.778731273706148
CSGS6,q3_2020,1,robust_rolling_cqr,0.3556113902847572,0.16299157856946803,0.2236967343448228,0.459798223660618,29440,29440,0,1.0,0.770026754448865
CSGS6,q3_2020,4,clean_condition_cqr,0.34273743016759783,0.11788904155162956,0.33607747502046076,0.5834774927513353,29440,29440,0,1.0,0.7944543459193681
CSGS6,q3_2020,4,lgbm_condition_cqr,0.18212290502793294,0.07189717300289052,0.3576156919470392,0.4661295023646549,29440,29440,0,1.0,0.8510742200158136
CSGS6,q3_2020,4,oracle_ramp_mondrian,0.06976024748646559,0.03799651756125594,0.3197598566807096,0.4244259172133211,29440,29440,0,1.0,0.86624929249461
CSGS6,q3_2020,4,persistence_condition_cqr,0.7924581005586593,0.3032827169935234,0.4935310524357848,1.0164165883584697,29440,29440,0,1.0,0.6773050633622384
CSGS6,q3_2020,4,robust_condition_cqr,0.2589385474860335,0.13745760368464488,0.2527685806620482,0.5016348543612388,29440,29440,0,1.0,0.7625423963153551
CSGS6,q3_2020,4,robust_local_cqr,0.1611731843575419,0.0757975476026909,0.2857101428383073,0.45062481210453126,29440,29440,0,1.0,0.8246742234723283
CSGS6,q3_2020,4,robust_risk_mondrian,0.19469273743016757,0.10331522983663648,0.27076100659643104,0.46912711403407636,29440,29440,0,1.0,0.7966847701633635
CSGS6,q3_2020,4,robust_rolling_cqr,0.20865921787709496,0.10022391735472916,0.27978301612398454,0.47033869631829023,29440,29440,0,1.0,0.819497660371489
CSGS6,q4_2020,1,clean_condition_cqr,0.5414473684210527,0.19100399638063642,0.339163331550326,0.6788085188504531,29440,29440,0,1.0,0.7465031669431459
CSGS6,q4_2020,1,lgbm_condition_cqr,0.393421052631579,0.14369212788418037,0.34765520680619016,0.5816384688745986,29440,29440,0,1.0,0.7851115970441864
CSGS6,q4_2020,1,oracle_ramp_mondrian,0.044736842105263186,0.04679347006484692,0.2820283259610462,0.36223527298130326,29440,29440,0,1.0,0.91653031217011
CSGS6,q4_2020,1,persistence_condition_cqr,0.8736842105263158,0.3621923540944051,0.3334445931040123,0.9594357764135989,29440,29440,0,1.0,0.597807645905595
CSGS6,q4_2020,1,robust_condition_cqr,0.4,0.2076355376263007,0.20358790878895966,0.5023681981149931,29440,29440,0,1.0,0.7694776428894586
CSGS6,q4_2020,1,robust_local_cqr,0.31447368421052635,0.17247398582415926,0.22466425775937574,0.4671541773507677,29440,29440,0,1.0,0.8047108279294225
CSGS6,q4_2020,1,robust_risk_mondrian,0.3276315789473685,0.16795732167093952,0.22277420896884706,0.4622092890372341,29440,29440,0,1.0,0.8041415321972553
CSGS6,q4_2020,1,robust_rolling_cqr,0.4230263157894737,0.21424464635801538,0.19346845232087082,0.5157153526826127,29440,29440,0,1.0,0.7438499095159101
CSGS6,q4_2020,4,clean_condition_cqr,0.07659574468085106,0.05713978568602829,0.3176928072146691,0.42397750759480896,29440,29440,0,1.0,0.9170967852904246
CSGS6,q4_2020,4,lgbm_condition_cqr,0.13297872340425532,0.06125870758010974,0.32426399762332914,0.38570437584576334,29440,29440,0,1.0,0.9053108928602143
CSGS6,q4_2020,4,oracle_ramp_mondrian,0.0,0.05152505203047867,0.27214538191032184,0.33811871896509854,29440,29440,0,1.0,0.9515250520304788
CSGS6,q4_2020,4,persistence_condition_cqr,0.674468085106383,0.32435387605565974,0.4689876531150688,0.981700689661045,29440,29440,0,1.0,0.6356461239443403
CSGS6,q4_2020,4,robust_condition_cqr,0.03936170212765955,0.04516821754760144,0.22023452735272783,0.336712439039389,29440,29440,0,1.0,0.9200618345688781
CSGS6,q4_2020,4,robust_local_cqr,0.014893617021276673,0.04118044686011112,0.23688294835558793,0.33249275286661867,29440,29440,0,1.0,0.9350102340941536
CSGS6,q4_2020,4,robust_risk_mondrian,0.0,0.04036472935551004,0.24576606300546983,0.33749305363560544,29440,29440,0,1.0,0.9403647293555102
CSGS6,q4_2020,4,robust_rolling_cqr,0.07553191489361699,0.05562840778135157,0.1878272555889143,0.3369048116028892,29440,29440,0,1.0,0.8826496843770963
CSGS7,q1_2020,1,clean_condition_cqr,0.46335616438356164,0.15912605876816902,0.4114075211168607,0.7816200297605327,29120,29120,0,1.0,0.775606765659312
CSGS7,q1_2020,1,lgbm_condition_cqr,0.3366438356164384,0.12211779776220852,0.4251782977933723,0.6769994569609127,29120,29120,0,1.0,0.799103576283593
CSGS7,q1_2020,1,oracle_ramp_mondrian,0.047260273972602795,0.03751176409076651,0.3493439533892782,0.4561415888782804,29120,29120,0,1.0,0.9051981595733556
CSGS7,q1_2020,1,persistence_condition_cqr,0.8297945205479452,0.2876694029070375,0.4041496840473524,1.0775538236284066,29120,29120,0,1.0,0.6736283070166266
CSGS7,q1_2020,1,robust_condition_cqr,0.35376712328767124,0.1791048834047893,0.2500704165795042,0.6127278995487726,29120,29120,0,1.0,0.7678035135417756
CSGS7,q1_2020,1,robust_local_cqr,0.24589041095890418,0.12482563003241662,0.2995184069689767,0.5257494171255541,29120,29120,0,1.0,0.8481133012652933
CSGS7,q1_2020,1,robust_risk_mondrian,0.26472602739726026,0.13270469517933703,0.2921923880765168,0.540444260458113,29120,29120,0,1.0,0.8292800376450904
CSGS7,q1_2020,1,robust_rolling_cqr,0.35376712328767124,0.1785788978354073,0.2550218954664034,0.6053029716428839,29120,29120,0,1.0,0.7727569800271882
CSGS7,q1_2020,4,clean_condition_cqr,0.08900343642611686,0.051122253867650805,0.3791337861946832,0.5295459127298804,29120,29120,0,1.0,0.8856783382453226
CSGS7,q1_2020,4,lgbm_condition_cqr,0.07800687285223373,0.043592225449688896,0.382982291457279,0.4508170399584036,29120,29120,0,1.0,0.8909127176082035
CSGS7,q1_2020,4,oracle_ramp_mondrian,0.027946898603799508,0.023724963209239724,0.30428824322184006,0.3893728286519197,29120,29120,0,1.0,0.9144596851135656
CSGS7,q1_2020,4,persistence_condition_cqr,0.2326460481099657,0.12056543328149986,0.5995788655753443,0.8541537396439096,29120,29120,0,1.0,0.8453764298450738
CSGS7,q1_2020,4,robust_condition_cqr,0.05601374570446738,0.04337425740082227,0.25499729314764225,0.39263492499492486,29120,29120,0,1.0,0.8923089653046024
CSGS7,q1_2020,4,robust_local_cqr,0.02577319587628868,0.04013162086207184,0.29428868654966944,0.3833078993917375,29120,29120,0,1.0,0.9226058476661955
CSGS7,q1_2020,4,robust_risk_mondrian,0.04982817869415812,0.03255589403317185,0.27718496949378263,0.38738667678255495,29120,29120,0,1.0,0.9142053785692543
CSGS7,q1_2020,4,robust_rolling_cqr,0.06975945017182128,0.04463904154465348,0.24929090133141352,0.39565266349823175,29120,29120,0,1.0,0.8806527872491209
CSGS7,q2_2020,1,clean_condition_cqr,0.4758706467661692,0.1633628669401994,0.4195798899284635,0.6419877912616689,29120,29120,0,1.0,0.8273429664426869
CSGS7,q2_2020,1,lgbm_condition_cqr,0.22960199004975124,0.10509306059344707,0.43261538009058587,0.5492241889912395,29120,29120,0,1.0,0.8745457969118551
CSGS7,q2_2020,1,oracle_ramp_mondrian,0.0015936254980080111,0.043317971893520435,0.36904884393725657,0.4087647340269524,29120,29120,0,1.0,0.9429992467939188
CSGS7,q2_2020,1,persistence_condition_cqr,0.8925373134328358,0.3205123783473073,0.4093044753684169,0.964248087540566,29120,29120,0,1.0,0.6849899902876058
CSGS7,q2_2020,1,robust_condition_cqr,0.3054726368159204,0.14859923490119126,0.25272528669138317,0.48572957632192565,29120,29120,0,1.0,0.795862916493231
CSGS7,q2_2020,1,robust_local_cqr,0.11019900497512436,0.07495153713504192,0.3093440055001836,0.42946073189258965,29120,29120,0,1.0,0.8876381042992211
CSGS7,q2_2020,1,robust_risk_mondrian,0.12139303482587072,0.07910645973320649,0.29937629327873283,0.43377317763886303,29120,29120,0,1.0,0.8748776040118134
CSGS7,q2_2020,1,robust_rolling_cqr,0.300497512437811,0.15128362173197757,0.2530783697817928,0.48639631944723793,29120,29120,0,1.0,0.7987960595429229
CSGS7,q2_2020,4,clean_condition_cqr,0.2600377002827522,0.09570358063639708,0.39566417577804125,0.5845745879267754,29120,29120,0,1.0,0.8611889717768306
CSGS7,q2_2020,4,lgbm_condition_cqr,0.06116870876531577,0.058643426997652924,0.4214215662776778,0.47250783749980185,29120,29120,0,1.0,0.9341759434915267
CSGS7,q2_2020,4,oracle_ramp_mondrian,0.04703110273327049,0.02172566850623414,0.31894907912603954,0.4316316955600678,29120,29120,0,1.0,0.8877011633224452
CSGS7,q2_2020,4,persistence_condition_cqr,0.29585296889726675,0.14530429839025807,0.6113044239261882,0.8755943890367824,29120,29120,0,1.0,0.8677925170518981
CSGS7,q2_2020,4,robust_condition_cqr,0.15730442978322334,0.08433817620627745,0.28794535213421624,0.46428750721574075,29120,29120,0,1.0,0.8500309189018477
CSGS7,q2_2020,4,robust_local_cqr,0.05362865221489166,0.03378352573630026,0.3349899685154976,0.4345972837010862,29120,29120,0,1.0,0.8965544965185812
CSGS7,q2_2020,4,robust_risk_mondrian,0.11300659754948161,0.05404424183191871,0.3120445867718161,0.4491046910167201,29120,29120,0,1.0,0.8736483888630214
CSGS7,q2_2020,4,robust_rolling_cqr,0.1620169651272385,0.08598223068449204,0.2842849992697119,0.4701222879066524,29120,29120,0,1.0,0.8396108828993837
CSGS7,q3_2020,1,clean_condition_cqr,0.4344827586206897,0.14792408231368187,0.3859403886624525,0.6555317402772708,29440,29440,0,1.0,0.803527530589544
CSGS7,q3_2020,1,lgbm_condition_cqr,0.2211206896551724,0.09440141824249165,0.4058780135284515,0.5786968378367867,29440,29440,0,1.0,0.8510824527252503
CSGS7,q3_2020,1,oracle_ramp_mondrian,0.05625000000000002,0.022746106785317032,0.3326281510481127,0.41557889821451977,29440,29440,0,1.0,0.9061498887652947
CSGS7,q3_2020,1,persistence_condition_cqr,0.6392241379310345,0.23954810901001117,0.39692225185309454,0.8807748295722082,29440,29440,0,1.0,0.7348067296996663
CSGS7,q3_2020,1,robust_condition_cqr,0.3105603448275862,0.1471718576195773,0.25513309687531366,0.5130772348199456,29440,29440,0,1.0,0.7835942714126808
CSGS7,q3_2020,1,robust_local_cqr,0.17262931034482765,0.10100458843159066,0.2938798675384035,0.4567183415992474,29440,29440,0,1.0,0.8479873470522803
CSGS7,q3_2020,1,robust_risk_mondrian,0.18879310344827593,0.10846843715239154,0.28421895411264586,0.46951562056253093,29440,29440,0,1.0,0.8328218854282536
CSGS7,q3_2020,1,robust_rolling_cqr,0.28900862068965516,0.14622358175750833,0.2658046355037785,0.5016769352639562,29440,29440,0,1.0,0.8020425472747498
CSGS7,q3_2020,4,clean_condition_cqr,0.25608308605341246,0.1067096468272825,0.3670054943388409,0.6312355459235441,29440,29440,0,1.0,0.8238214173515159
CSGS7,q3_2020,4,lgbm_condition_cqr,0.09782393669634026,0.044619791276885166,0.4108697752731539,0.5030956897154043,29440,29440,0,1.0,0.8938581691206042
CSGS7,q3_2020,4,oracle_ramp_mondrian,0.06023738872403561,0.025967869936744624,0.35677970214296345,0.4782348304270204,29440,29440,0,1.0,0.8740321300632553
CSGS7,q3_2020,4,persistence_condition_cqr,0.502373887240356,0.20922854546269484,0.5477368456765273,1.0059463803969035,29440,29440,0,1.0,0.7722354693004793
CSGS7,q3_2020,4,robust_condition_cqr,0.18684470820969334,0.09597472704900592,0.30601041821423547,0.538463757844193,29440,29440,0,1.0,0.8192190396108259
CSGS7,q3_2020,4,robust_local_cqr,0.10672601384767555,0.06819997456723224,0.3498971506274871,0.4875394143392979,29440,29440,0,1.0,0.8705738618075884
CSGS7,q3_2020,4,robust_risk_mondrian,0.17101879327398617,0.07447718321753717,0.32477255435681773,0.5174094712875942,29440,29440,0,1.0,0.8376819309920179
CSGS7,q3_2020,4,robust_rolling_cqr,0.16607319485657768,0.09217435358889006,0.31961790722115985,0.5258147152920593,29440,29440,0,1.0,0.83975101036436
CSGS7,q4_2020,1,clean_condition_cqr,0.4281690140845071,0.18513051996187652,0.35317389528412824,0.7411911285949985,29440,29440,0,1.0,0.7652830138727099
CSGS7,q4_2020,1,lgbm_condition_cqr,0.3471830985915493,0.1433630731758975,0.3740408697662494,0.6411109034126701,29440,29440,0,1.0,0.7929527162977867
CSGS7,q4_2020,1,oracle_ramp_mondrian,0.03204225352112677,0.03518293974372551,0.33493105057211114,0.4153244941004897,29440,29440,0,1.0,0.9222251932648522
CSGS7,q4_2020,1,persistence_condition_cqr,0.5161971830985916,0.21392354124748497,0.3811395936681061,0.9312914694927235,29440,29440,0,1.0,0.746076458752515
CSGS7,q4_2020,1,robust_condition_cqr,0.33661971830985915,0.17666340146139997,0.2539067302455736,0.5334164495298863,29440,29440,0,1.0,0.7963817113205549
CSGS7,q4_2020,1,robust_local_cqr,0.24330985915492964,0.13369188817113206,0.2816354018110053,0.49143942467211926,29440,29440,0,1.0,0.8400299163401461
CSGS7,q4_2020,1,robust_risk_mondrian,0.2045774647887324,0.1240188499417558,0.2841375737487784,0.48022624308002293,29440,29440,0,1.0,0.8511315259980938
CSGS7,q4_2020,1,robust_rolling_cqr,0.3190140845070423,0.1716358678386106,0.2502541950550487,0.5325149159598459,29440,29440,0,1.0,0.7927626284019909
CSGS7,q4_2020,4,clean_condition_cqr,0.17653359298928917,0.0738481890018663,0.3525873544983172,0.5280505315355649,29440,29440,0,1.0,0.8748513444947736
CSGS7,q4_2020,4,lgbm_condition_cqr,0.16743468422135366,0.0900347919483952,0.3804157521378688,0.4947683427953016,29440,29440,0,1.0,0.8477011253649909
CSGS7,q4_2020,4,oracle_ramp_mondrian,0.0,0.033624918799089853,0.3414078440610123,0.4188510919062132,29440,29440,0,1.0,0.9336249187990898
CSGS7,q4_2020,4,persistence_condition_cqr,0.5728334956183058,0.2620714920555814,0.4951914488814498,1.0713306104166975,29440,29440,0,1.0,0.6979285079444186
CSGS7,q4_2020,4,robust_condition_cqr,0.1112950340798442,0.0628227128986206,0.2812599677929328,0.43540666920657733,29440,29440,0,1.0,0.8809337158197501
CSGS7,q4_2020,4,robust_local_cqr,0.07818889970788712,0.05590803099285753,0.2994808525740513,0.44221828768855775,29440,29440,0,1.0,0.889987875199284
CSGS7,q4_2020,4,robust_risk_mondrian,0.056767283349561826,0.045888494699881634,0.3005838372929523,0.42400053611299715,29440,29440,0,1.0,0.9054795365694044
CSGS7,q4_2020,4,robust_rolling_cqr,0.11908471275559884,0.07061231145013458,0.26471680474453596,0.43667346416330377,29440,29440,0,1.0,0.8673016980129388
CSGS8,q1_2020,1,clean_condition_cqr,0.49558823529411766,0.16828927773641103,0.3461657769787715,0.5559229094222308,29120,29120,0,1.0,0.7874069247952346
CSGS8,q1_2020,1,lgbm_condition_cqr,0.45882352941176474,0.17072846860263094,0.3554856284605056,0.5378694127291263,29120,29120,0,1.0,0.7682096467278894
CSGS8,q1_2020,1,oracle_ramp_mondrian,0.1352941176470589,0.061411433771821,0.18856090518460403,0.25334525035670963,29120,29120,0,1.0,0.8412467940762802
CSGS8,q1_2020,1,persistence_condition_cqr,0.9,0.32401960784313727,0.33957612582903957,0.6119189518070497,29120,29120,0,1.0,0.6593137254901961
CSGS8,q1_2020,1,robust_condition_cqr,0.49558823529411766,0.23216224042359562,0.15025290192711785,0.3602988887154942,29120,29120,0,1.0,0.6837800943162076
CSGS8,q1_2020,1,robust_local_cqr,0.4073529411764706,0.19062401753950525,0.15894482936644863,0.3154556631434985,29120,29120,0,1.0,0.725838711011831
CSGS8,q1_2020,1,robust_risk_mondrian,0.4147058823529412,0.19392818730867875,0.15869424801818927,0.3304239523712169,29120,29120,0,1.0,0.7143066931413916
CSGS8,q1_2020,1,robust_rolling_cqr,0.525,0.21445644080416976,0.15325175483755318,0.3546755397422867,29120,29120,0,1.0,0.6964155704475883
CSGS8,q1_2020,4,clean_condition_cqr,0.3718614718614719,0.1430131820619931,0.3212429171327479,0.5888022142017829,29120,29120,0,1.0,0.8002611489470063
CSGS8,q1_2020,4,lgbm_condition_cqr,0.41515151515151516,0.14597153368117072,0.3486676685603697,0.5724462064588023,29120,29120,0,1.0,0.8028997285567998
CSGS8,q1_2020,4,oracle_ramp_mondrian,0.2246753246753247,0.10766271692429392,0.23035534816532457,0.39246842227991163,29120,29120,0,1.0,0.7923372830757061
CSGS8,q1_2020,4,persistence_condition_cqr,0.7744588744588745,0.30907790582383826,0.4940696394275886,0.7434261611540525,29120,29120,0,1.0,0.6857012824472148
CSGS8,q1_2020,4,robust_condition_cqr,0.41515151515151516,0.18620960182912624,0.19749438662304214,0.4993214876859248,29120,29120,0,1.0,0.7313909703146249
CSGS8,q1_2020,4,robust_local_cqr,0.3632034632034632,0.16532418770216015,0.20388911769724208,0.4601917845162866,29120,29120,0,1.0,0.7499878094371211
CSGS8,q1_2020,4,robust_risk_mondrian,0.3502164502164502,0.16575080322264304,0.20159670513230984,0.48504876388600887,29120,29120,0,1.0,0.7403139205392021
CSGS8,q1_2020,4,robust_rolling_cqr,0.42380952380952386,0.17543303588359907,0.20011124933311414,0.4914720080548725,29120,29120,0,1.0,0.7347403951909584
CSGS8,q2_2020,1,clean_condition_cqr,0.7125,0.27425,0.24956784348204594,0.9067504261332223,28800,28800,0,1.0,0.6270714285714286
CSGS8,q2_2020,1,lgbm_condition_cqr,0.7125,0.28600000000000003,0.2722042417084579,0.9857130194710221,28800,28800,0,1.0,0.6277142857142858
CSGS8,q2_2020,1,oracle_ramp_mondrian,0.0035714285714285587,0.034964285714285705,0.19523764880203565,0.2124838739834649,28800,28800,0,1.0,0.9342499999999999
CSGS8,q2_2020,1,persistence_condition_cqr,0.9,0.3262142857142857,0.2593750360565271,0.8560941930303005,28800,28800,0,1.0,0.5769285714285715
CSGS8,q2_2020,1,robust_condition_cqr,0.26250000000000007,0.11073214285714288,0.14093877881607825,0.2353240628084324,28800,28800,0,1.0,0.8007321428571428
CSGS8,q2_2020,1,robust_local_cqr,0.09375,0.062875,0.1635248898476695,0.20508446841350683,28800,28800,0,1.0,0.8866250000000001
CSGS8,q2_2020,1,robust_risk_mondrian,0.20000000000000007,0.09008928571428572,0.15088311202093624,0.22307311668067525,28800,28800,0,1.0,0.8325892857142858
CSGS8,q2_2020,1,robust_rolling_cqr,0.25,0.11128571428571428,0.14111594086742857,0.23522437738326607,28800,28800,0,1.0,0.8037857142857142
CSGS8,q2_2020,4,clean_condition_cqr,0.3943820224719101,0.14908731516632515,0.2471545396161882,0.5551437317289436,28800,28800,0,1.0,0.7694938385420231
CSGS8,q2_2020,4,lgbm_condition_cqr,0.2539325842696629,0.1200286233036365,0.2786588037507246,0.5532052281225687,28800,28800,0,1.0,0.8023504522965068
CSGS8,q2_2020,4,oracle_ramp_mondrian,0.0,0.04724556056988953,0.22845833271494675,0.24524812231427068,28800,28800,0,1.0,0.9472455605698895
CSGS8,q2_2020,4,persistence_condition_cqr,0.9,0.3922044774737418,0.37614707463416686,1.2090501043752961,28800,28800,0,1.0,0.5270359381478992
CSGS8,q2_2020,4,robust_condition_cqr,0.12471910112359552,0.06255319063281252,0.1642892209245566,0.24059420725468827,28800,28800,0,1.0,0.8603059996215766
CSGS8,q2_2020,4,robust_local_cqr,0.0011235955056180247,0.04818868030869687,0.20408825752507695,0.2197886515955135,28800,28800,0,1.0,0.9479639612075733
CSGS8,q2_2020,4,robust_risk_mondrian,0.11348314606741572,0.05413628879343314,0.17093245973132754,0.2384756774337884,28800,28800,0,1.0,0.8732374123889388
CSGS8,q2_2020,4,robust_rolling_cqr,0.13033707865168542,0.06002500010064454,0.1596430705532657,0.24296991923059058,28800,28800,0,1.0,0.8487890450444647
CSGS8,q3_2020,1,clean_condition_cqr,0.4934959349593496,0.21922321842856857,0.27603691739304664,0.6622545177988932,29440,29440,0,1.0,0.6830667496678512
CSGS8,q3_2020,1,lgbm_condition_cqr,0.4691056910569106,0.22290870157903991,0.30838194065114655,0.742915188613195,29440,29440,0,1.0,0.6869672289420519
CSGS8,q3_2020,1,oracle_ramp_mondrian,0.004041120170152457,0.015197516881230489,0.15734305351287134,0.18404904345478781,29440,29440,0,1.0,0.9140064498837118
CSGS8,q3_2020,1,persistence_condition_cqr,0.9,0.34458936028566245,0.27053175339182667,0.8706371583940443,29440,29440,0,1.0,0.5554106397143376
CSGS8,q3_2020,1,robust_condition_cqr,0.2902439024390244,0.1268632180827303,0.1219387032552589,0.21805603880662933,29440,29440,0,1.0,0.7810276007758306
CSGS8,q3_2020,1,robust_local_cqr,0.11951219512195121,0.0699431960643605,0.1403574081319363,0.18515277948065073,29440,29440,0,1.0,0.8723822204546045
CSGS8,q3_2020,1,robust_risk_mondrian,0.2658536585365854,0.10529910687267101,0.13026952814620535,0.20565400467404976,29440,29440,0,1.0,0.8174942288238904
CSGS8,q3_2020,1,robust_rolling_cqr,0.28617886178861796,0.12542242703533027,0.12478016462395639,0.2148433984781018,29440,29440,0,1.0,0.7920890937019969
CSGS8,q3_2020,4,clean_condition_cqr,0.2668639053254438,0.08423476731169043,0.27380264193348103,0.45935510745865643,29440,29440,0,1.0,0.8157652326883096
CSGS8,q3_2020,4,lgbm_condition_cqr,0.1544378698224852,0.07800980862519323,0.3027409778890319,0.4792828106877559,29440,29440,0,1.0,0.834242443627059
CSGS8,q3_2020,4,oracle_ramp_mondrian,0.0065088757396449815,0.009512980436057328,0.15959221439901836,0.19455206241558629,29440,29440,0,1.0,0.9071661602430833
CSGS8,q3_2020,4,persistence_condition_cqr,0.9,0.3912507063276294,0.385941499371316,1.2529937789990755,29440,29440,0,1.0,0.5097222666453436
CSGS8,q3_2020,4,robust_condition_cqr,0.09230769230769231,0.04025395810011193,0.14077711709335047,0.19934912351650688,29440,29440,0,1.0,0.8658361319899781
CSGS8,q3_2020,4,robust_local_cqr,0.01834319526627226,0.027152193613732067,0.15976803221560326,0.18893811644257735,29440,29440,0,1.0,0.9220634362172824
CSGS8,q3_2020,4,robust_risk_mondrian,0.05976331360946752,0.02659757982834905,0.15289193860665334,0.19441098017009723,29440,29440,0,1.0,0.8981952129644437
CSGS8,q3_2020,4,robust_rolling_cqr,0.09230769230769231,0.04122223999147077,0.14334134446345115,0.19971848998858202,29440,29440,0,1.0,0.869624606855376
CSGS8,q4_2020,1,clean_condition_cqr,0.4359116022099448,0.17117189709222597,0.3041171905878332,0.47628349540913434,28160,28160,0,1.0,0.765647035213773
CSGS8,q4_2020,1,lgbm_condition_cqr,0.4801104972375691,0.18883817759628474,0.3385200765394324,0.5405219118255457,28160,28160,0,1.0,0.7357995035631355
CSGS8,q4_2020,1,oracle_ramp_mondrian,0.004972375690607711,0.020012020704802493,0.1466113862424793,0.1647142892563221,28160,28160,0,1.0,0.9190175455666809
CSGS8,q4_2020,1,persistence_condition_cqr,0.9,0.3409535682539876,0.29652067558736694,0.7244644215123334,28160,28160,0,1.0,0.5900976150151374
CSGS8,q4_2020,1,robust_condition_cqr,0.2977900552486188,0.14741793031031863,0.11213240821711463,0.2037042397508828,28160,28160,0,1.0,0.7783571568296557
CSGS8,q4_2020,1,robust_local_cqr,0.20939226519337018,0.11201411672651677,0.1259240854832625,0.1796765779244915,28160,28160,0,1.0,0.8368759951795555
CSGS8,q4_2020,1,robust_risk_mondrian,0.23149171270718238,0.125613324535718,0.11894986376755538,0.19111935627455082,28160,28160,0,1.0,0.8095912250882042
CSGS8,q4_2020,1,robust_rolling_cqr,0.3033149171270718,0.14636029072672557,0.11147465447248064,0.2049836149817109,28160,28160,0,1.0,0.7739846001189907
CSGS8,q4_2020,4,clean_condition_cqr,0.14793388429752063,0.06297750708834406,0.2733180436278742,0.35814076423536717,28160,28160,0,1.0,0.87438246576603
CSGS8,q4_2020,4,lgbm_condition_cqr,0.2581267217630854,0.0865734973573273,0.3236555948061608,0.3887145606243169,28160,28160,0,1.0,0.8615423546530019
CSGS8,q4_2020,4,oracle_ramp_mondrian,0.0,0.030669381229259763,0.15270375354718857,0.17495557115049987,28160,28160,0,1.0,0.9306693812292599
CSGS8,q4_2020,4,persistence_condition_cqr,0.9,0.3629749765638929,0.4205522483997314,0.98787653727174,28160,28160,0,1.0,0.5756471528724328
CSGS8,q4_2020,4,robust_condition_cqr,0.06528925619834713,0.03877971209533175,0.12871962203468446,0.17488129545636816,28160,28160,0,1.0,0.8823058828942297
CSGS8,q4_2020,4,robust_local_cqr,0.007438016528925617,0.028265152952949492,0.14356298744522644,0.1700942192254735,28160,28160,0,1.0,0.9267775496471644
CSGS8,q4_2020,4,robust_risk_mondrian,0.051515151515151514,0.027085468463339014,0.13584048345787766,0.173630549252929,28160,28160,0,1.0,0.9035042012457082
CSGS8,q4_2020,4,robust_rolling_cqr,0.06528925619834713,0.037328111251056784,0.1282551623349025,0.17516974544061065,28160,28160,0,1.0,0.880303317862627
