station,horizon_steps,threshold,candidate_method,candidate_eligible_groups,candidate_worst_undercoverage,baseline_eligible_groups,baseline_worst_undercoverage,test_n,ramp_n,ramp_prevalence,station_improvement,absolute_gate_delta,required_minimum_coverage,candidate_absolute_gate_passed,candidate_stations,candidate_stations_passing_absolute_gate,expected_stations,candidate_station_set_complete,candidate_missing_stations,candidate_all_stations_absolute_gate_passed,is_nominal_threshold,minimum_group_n,aggregation_unit
CSGS2,1,0.075,robust_local_cqr,40,0.300728597449909,40,0.41183970856102003,23424,1769,0.07552083333333333,0.11111111111111105,0.1,0.8,False,5,0,5,True,,False,False,80,station
CSGS5,1,0.075,robust_local_cqr,40,0.204635761589404,40,0.31803278688524594,16667,2698,0.16187676246475072,0.11339702529584195,0.1,0.8,False,5,0,5,True,,False,False,80,station
CSGS6,1,0.075,robust_local_cqr,40,0.24259259259259258,40,0.3120370370370371,23424,2573,0.10984460382513661,0.06944444444444453,0.1,0.8,False,5,0,5,True,,False,False,80,station
CSGS7,1,0.075,robust_local_cqr,40,0.15336322869955155,40,0.23807266982622433,23424,4220,0.1801571038251366,0.08470944112667278,0.1,0.8,False,5,0,5,True,,False,False,80,station
CSGS8,1,0.075,robust_local_cqr,40,0.2466666666666667,40,0.3566666666666667,23104,1668,0.07219529085872577,0.10999999999999999,0.1,0.8,False,5,0,5,True,,False,False,80,station
CSGS2,1,0.075,robust_risk_mondrian,40,0.3663023679417122,40,0.41183970856102003,23424,1769,0.07552083333333333,0.04553734061930781,0.1,0.8,False,5,0,5,True,,False,False,80,station
CSGS5,1,0.075,robust_risk_mondrian,40,0.24437086092715232,40,0.31803278688524594,16667,2698,0.16187676246475072,0.07366192595809362,0.1,0.8,False,5,0,5,True,,False,False,80,station
CSGS6,1,0.075,robust_risk_mondrian,40,0.2549019607843137,40,0.3120370370370371,23424,2573,0.10984460382513661,0.057135076252723405,0.1,0.8,False,5,0,5,True,,False,False,80,station
CSGS7,1,0.075,robust_risk_mondrian,40,0.14117053481331987,40,0.23807266982622433,23424,4220,0.1801571038251366,0.09690213501290446,0.1,0.8,False,5,0,5,True,,False,False,80,station
CSGS8,1,0.075,robust_risk_mondrian,40,0.29000000000000004,40,0.3566666666666667,23104,1668,0.07219529085872577,0.06666666666666665,0.1,0.8,False,5,0,5,True,,False,False,80,station
CSGS2,1,0.075,robust_rolling_cqr,40,0.3990892531876139,40,0.41183970856102003,23424,1769,0.07552083333333333,0.012750455373406133,0.1,0.8,False,5,0,5,True,,False,False,80,station
CSGS5,1,0.075,robust_rolling_cqr,40,0.2954918032786885,40,0.31803278688524594,16667,2698,0.16187676246475072,0.02254098360655743,0.1,0.8,False,5,0,5,True,,False,False,80,station
CSGS6,1,0.075,robust_rolling_cqr,40,0.32592592592592595,40,0.3120370370370371,23424,2573,0.10984460382513661,-0.01388888888888884,0.1,0.8,False,5,0,5,True,,False,False,80,station
CSGS7,1,0.075,robust_rolling_cqr,40,0.2249299719887955,40,0.23807266982622433,23424,4220,0.1801571038251366,0.01314269783742883,0.1,0.8,False,5,0,5,True,,False,False,80,station
CSGS8,1,0.075,robust_rolling_cqr,40,0.3866666666666667,40,0.3566666666666667,23104,1668,0.07219529085872577,-0.030000000000000027,0.1,0.8,False,5,0,5,True,,False,False,80,station
CSGS2,1,0.1,robust_local_cqr,40,0.43005464480874317,40,0.549402390438247,23424,1031,0.044014685792349725,0.11934774562950384,0.1,0.8,False,5,0,5,True,,False,True,80,station
CSGS5,1,0.1,robust_local_cqr,40,0.244311377245509,40,0.38203592814371257,16667,1877,0.1126177476450471,0.13772455089820357,0.1,0.8,False,5,0,5,True,,False,True,80,station
CSGS6,1,0.1,robust_local_cqr,40,0.31447368421052635,40,0.4109289617486339,23424,1754,0.07488046448087432,0.09645527753810756,0.1,0.8,False,5,0,5,True,,False,True,80,station
CSGS7,1,0.1,robust_local_cqr,40,0.24589041095890418,40,0.35376712328767124,23424,2884,0.12312158469945356,0.10787671232876705,0.1,0.8,False,5,0,5,True,,False,True,80,station
CSGS8,1,0.1,robust_local_cqr,40,0.4073529411764706,40,0.49558823529411766,23104,723,0.03129328254847646,0.08823529411764708,0.1,0.8,False,5,0,5,True,,False,True,80,station
CSGS2,1,0.1,robust_risk_mondrian,40,0.46284153005464485,40,0.549402390438247,23424,1031,0.044014685792349725,0.08656086038360217,0.1,0.8,False,5,0,5,True,,False,True,80,station
CSGS5,1,0.1,robust_risk_mondrian,40,0.30729483282674774,40,0.38203592814371257,16667,1877,0.1126177476450471,0.07474109531696482,0.1,0.8,False,5,0,5,True,,False,True,80,station
CSGS6,1,0.1,robust_risk_mondrian,40,0.3453551912568307,40,0.4109289617486339,23424,1754,0.07488046448087432,0.06557377049180324,0.1,0.8,False,5,0,5,True,,False,True,80,station
CSGS7,1,0.1,robust_risk_mondrian,40,0.26472602739726026,40,0.35376712328767124,23424,2884,0.12312158469945356,0.08904109589041098,0.1,0.8,False,5,0,5,True,,False,True,80,station
CSGS8,1,0.1,robust_risk_mondrian,40,0.4147058823529412,40,0.49558823529411766,23104,723,0.03129328254847646,0.08088235294117646,0.1,0.8,False,5,0,5,True,,False,True,80,station
CSGS2,1,0.1,robust_rolling_cqr,40,0.5374501992031873,40,0.549402390438247,23424,1031,0.044014685792349725,0.01195219123505975,0.1,0.8,False,5,0,5,True,,False,True,80,station
CSGS5,1,0.1,robust_rolling_cqr,40,0.36107784431137724,40,0.38203592814371257,16667,1877,0.1126177476450471,0.020958083832335328,0.1,0.8,False,5,0,5,True,,False,True,80,station
CSGS6,1,0.1,robust_rolling_cqr,40,0.4230263157894737,40,0.4109289617486339,23424,1754,0.07488046448087432,-0.01209735404083978,0.1,0.8,False,5,0,5,True,,False,True,80,station
CSGS7,1,0.1,robust_rolling_cqr,40,0.35376712328767124,40,0.35376712328767124,23424,2884,0.12312158469945356,0.0,0.1,0.8,False,5,0,5,True,,False,True,80,station
CSGS8,1,0.1,robust_rolling_cqr,40,0.525,40,0.49558823529411766,23104,723,0.03129328254847646,-0.02941176470588236,0.1,0.8,False,5,0,5,True,,False,True,80,station
CSGS2,1,0.15,robust_local_cqr,30,0.5888888888888889,30,0.6789473684210526,23424,372,0.015881147540983607,0.09005847953216373,0.1,0.8,False,5,1,5,True,,False,False,80,station
CSGS5,1,0.15,robust_local_cqr,40,0.45414012738853504,40,0.6006369426751592,16667,979,0.05873882522349553,0.14649681528662417,0.1,0.8,False,5,1,5,True,,False,False,80,station
CSGS6,1,0.15,robust_local_cqr,40,0.5,40,0.5871794871794872,23424,841,0.03590334699453552,0.0871794871794872,0.1,0.8,False,5,1,5,True,,False,False,80,station
CSGS7,1,0.15,robust_local_cqr,40,0.3709480122324159,40,0.5028571428571429,23424,1688,0.07206284153005464,0.13190913062472698,0.1,0.8,False,5,1,5,True,,False,False,80,station
CSGS8,1,0.15,robust_local_cqr,20,0.04878594799380065,20,0.06290683657654561,23104,66,0.0028566481994459834,0.014120888582744962,0.1,0.8,True,5,1,5,True,,False,False,80,station
CSGS2,1,0.15,robust_risk_mondrian,30,0.6185185185185185,30,0.6789473684210526,23424,372,0.015881147540983607,0.060428849902534165,0.1,0.8,False,5,1,5,True,,False,False,80,station
CSGS5,1,0.15,robust_risk_mondrian,40,0.5050955414012739,40,0.6006369426751592,16667,979,0.05873882522349553,0.09554140127388533,0.1,0.8,False,5,1,5,True,,False,False,80,station
CSGS6,1,0.15,robust_risk_mondrian,40,0.5307692307692308,40,0.5871794871794872,23424,841,0.03590334699453552,0.05641025641025643,0.1,0.8,False,5,1,5,True,,False,False,80,station
CSGS7,1,0.15,robust_risk_mondrian,40,0.39428571428571435,40,0.5028571428571429,23424,1688,0.07206284153005464,0.10857142857142854,0.1,0.8,False,5,1,5,True,,False,False,80,station
CSGS8,1,0.15,robust_risk_mondrian,20,0.07840537282589977,20,0.06290683657654561,23104,66,0.0028566481994459834,-0.015498536249354156,0.1,0.8,True,5,1,5,True,,False,False,80,station
CSGS2,1,0.15,robust_rolling_cqr,30,0.6789473684210526,30,0.6789473684210526,23424,372,0.015881147540983607,0.0,0.1,0.8,False,5,1,5,True,,False,False,80,station
CSGS5,1,0.15,robust_rolling_cqr,40,0.5878980891719745,40,0.6006369426751592,16667,979,0.05873882522349553,0.01273885350318471,0.1,0.8,False,5,1,5,True,,False,False,80,station
CSGS6,1,0.15,robust_rolling_cqr,40,0.589873417721519,40,0.5871794871794872,23424,841,0.03590334699453552,-0.0026939305420318194,0.1,0.8,False,5,1,5,True,,False,False,80,station
CSGS7,1,0.15,robust_rolling_cqr,40,0.5028571428571429,40,0.5028571428571429,23424,1688,0.07206284153005464,0.0,0.1,0.8,False,5,1,5,True,,False,False,80,station
CSGS8,1,0.15,robust_rolling_cqr,20,0.006767694162218008,20,0.06290683657654561,23104,66,0.0028566481994459834,0.0561391424143276,0.1,0.8,True,5,1,5,True,,False,False,80,station
CSGS2,4,0.15,robust_local_cqr,40,0.07059483726150395,40,0.1761133603238867,23424,4470,0.19082991803278687,0.10551852306238274,0.1,0.8,True,5,2,5,True,,False,False,80,station
CSGS5,4,0.15,robust_local_cqr,40,0.19679461812425803,40,0.24586466165413534,15578,4321,0.2773783540891,0.049070043529877316,0.1,0.8,False,5,2,5,True,,False,False,80,station
CSGS6,4,0.15,robust_local_cqr,40,0.1022382094324541,40,0.1709832134292566,23424,6079,0.25952015027322406,0.0687450039968025,0.1,0.8,False,5,2,5,True,,False,False,80,station
CSGS7,4,0.15,robust_local_cqr,40,0.07277486910994768,40,0.14280104712041886,23424,6624,0.2827868852459016,0.07002617801047117,0.1,0.8,True,5,2,5,True,,False,False,80,station
CSGS8,4,0.15,robust_local_cqr,40,0.2547169811320755,40,0.30188679245283023,23104,2773,0.12002250692520776,0.047169811320754707,0.1,0.8,False,5,2,5,True,,False,False,80,station
CSGS2,4,0.15,robust_risk_mondrian,40,0.1175249807840123,40,0.1761133603238867,23424,4470,0.19082991803278687,0.05858837953987439,0.1,0.8,False,5,0,5,True,,False,False,80,station
CSGS5,4,0.15,robust_risk_mondrian,40,0.23715868618915714,40,0.24586466165413534,15578,4321,0.2773783540891,0.0087059754649782,0.1,0.8,False,5,0,5,True,,False,False,80,station
CSGS6,4,0.15,robust_risk_mondrian,40,0.13341326938449238,40,0.1709832134292566,23424,6079,0.25952015027322406,0.037569944044764214,0.1,0.8,False,5,0,5,True,,False,False,80,station
CSGS7,4,0.15,robust_risk_mondrian,40,0.12709424083769638,40,0.14280104712041886,23424,6624,0.2827868852459016,0.015706806282722474,0.1,0.8,False,5,0,5,True,,False,False,80,station
CSGS8,4,0.15,robust_risk_mondrian,40,0.26981132075471703,40,0.30188679245283023,23104,2773,0.12002250692520776,0.0320754716981132,0.1,0.8,False,5,0,5,True,,False,False,80,station
CSGS2,4,0.15,robust_rolling_cqr,40,0.15182186234817818,40,0.1761133603238867,23424,4470,0.19082991803278687,0.02429149797570851,0.1,0.8,False,5,0,5,True,,False,False,80,station
CSGS5,4,0.15,robust_rolling_cqr,40,0.1133182844243793,40,0.24586466165413534,15578,4321,0.2773783540891,0.13254637722975604,0.1,0.8,False,5,0,5,True,,False,False,80,station
CSGS6,4,0.15,robust_rolling_cqr,40,0.131814548361311,40,0.1709832134292566,23424,6079,0.25952015027322406,0.039168665067945585,0.1,0.8,False,5,0,5,True,,False,False,80,station
CSGS7,4,0.15,robust_rolling_cqr,40,0.11204188481675392,40,0.14280104712041886,23424,6624,0.2827868852459016,0.030759162303664933,0.1,0.8,False,5,0,5,True,,False,False,80,station
CSGS8,4,0.15,robust_rolling_cqr,40,0.30000000000000004,40,0.30188679245283023,23104,2773,0.12002250692520776,0.0018867924528301883,0.1,0.8,False,5,0,5,True,,False,False,80,station
CSGS2,4,0.2,robust_local_cqr,40,0.16211849192100536,40,0.2826638477801269,23424,2249,0.09601263661202186,0.12054535585912152,0.1,0.8,False,5,0,5,True,,False,True,80,station
CSGS5,4,0.2,robust_local_cqr,40,0.17520718232044197,40,0.2252762430939227,15578,2211,0.14193092823212222,0.05006906077348072,0.1,0.8,False,5,0,5,True,,False,True,80,station
CSGS6,4,0.2,robust_local_cqr,40,0.1611731843575419,40,0.2589385474860335,23424,3594,0.15343237704918034,0.0977653631284916,0.1,0.8,False,5,0,5,True,,False,True,80,station
CSGS7,4,0.2,robust_local_cqr,40,0.10672601384767555,40,0.18684470820969334,23424,4554,0.19441598360655737,0.0801186943620178,0.1,0.8,False,5,0,5,True,,False,True,80,station
CSGS8,4,0.2,robust_local_cqr,40,0.3632034632034632,40,0.41515151515151516,23104,1110,0.048043628808864265,0.051948051948051965,0.1,0.8,False,5,0,5,True,,False,True,80,station
CSGS2,4,0.2,robust_risk_mondrian,40,0.23572710951526032,40,0.2826638477801269,23424,2249,0.09601263661202186,0.04693673826486655,0.1,0.8,False,5,0,5,True,,False,True,80,station
CSGS5,4,0.2,robust_risk_mondrian,40,0.2149171270718232,40,0.2252762430939227,15578,2211,0.14193092823212222,0.01035911602209949,0.1,0.8,False,5,0,5,True,,False,True,80,station
CSGS6,4,0.2,robust_risk_mondrian,40,0.19469273743016757,40,0.2589385474860335,23424,3594,0.15343237704918034,0.06424581005586594,0.1,0.8,False,5,0,5,True,,False,True,80,station
CSGS7,4,0.2,robust_risk_mondrian,40,0.17101879327398617,40,0.18684470820969334,23424,4554,0.19441598360655737,0.015825914935707175,0.1,0.8,False,5,0,5,True,,False,True,80,station
CSGS8,4,0.2,robust_risk_mondrian,40,0.3502164502164502,40,0.41515151515151516,23104,1110,0.048043628808864265,0.06493506493506496,0.1,0.8,False,5,0,5,True,,False,True,80,station
CSGS2,4,0.2,robust_rolling_cqr,40,0.24829443447037702,40,0.2826638477801269,23424,2249,0.09601263661202186,0.03436941330974985,0.1,0.8,False,5,0,5,True,,False,True,80,station
CSGS5,4,0.2,robust_rolling_cqr,40,0.21120331950207472,40,0.2252762430939227,15578,2211,0.14193092823212222,0.014072923591847974,0.1,0.8,False,5,0,5,True,,False,True,80,station
CSGS6,4,0.2,robust_rolling_cqr,40,0.20865921787709496,40,0.2589385474860335,23424,3594,0.15343237704918034,0.05027932960893855,0.1,0.8,False,5,0,5,True,,False,True,80,station
CSGS7,4,0.2,robust_rolling_cqr,40,0.16607319485657768,40,0.18684470820969334,23424,4554,0.19441598360655737,0.020771513353115667,0.1,0.8,False,5,0,5,True,,False,True,80,station
CSGS8,4,0.2,robust_rolling_cqr,40,0.42380952380952386,40,0.41515151515151516,23104,1110,0.048043628808864265,-0.008658008658008698,0.1,0.8,False,5,0,5,True,,False,True,80,station
CSGS2,4,0.25,robust_local_cqr,40,0.41282051282051285,40,0.5410256410256411,23424,1036,0.04422814207650273,0.12820512820512825,0.1,0.8,False,5,1,5,True,,False,False,80,station
CSGS5,4,0.25,robust_local_cqr,40,0.30462427745664744,40,0.3913294797687862,15578,1145,0.073501091282578,0.08670520231213874,0.1,0.8,False,5,1,5,True,,False,False,80,station
CSGS6,4,0.25,robust_local_cqr,40,0.27575757575757576,40,0.4090909090909091,23424,1596,0.06813524590163934,0.13333333333333336,0.1,0.8,False,5,1,5,True,,False,False,80,station
CSGS7,4,0.25,robust_local_cqr,40,0.17184466019417477,40,0.3101694915254237,23424,2875,0.12273736338797814,0.13832483133124895,0.1,0.8,False,5,1,5,True,,False,False,80,station
CSGS8,4,0.25,robust_local_cqr,20,0.016828929068150256,20,0.028824756606397828,23104,251,0.010863919667590028,0.011995827538247572,0.1,0.8,True,5,1,5,True,,False,False,80,station
CSGS2,4,0.25,robust_risk_mondrian,40,0.4641025641025641,40,0.5410256410256411,23424,1036,0.04422814207650273,0.07692307692307698,0.1,0.8,False,5,1,5,True,,False,False,80,station
CSGS5,4,0.25,robust_risk_mondrian,40,0.30333333333333334,40,0.3913294797687862,15578,1145,0.073501091282578,0.08799614643545284,0.1,0.8,False,5,1,5,True,,False,False,80,station
CSGS6,4,0.25,robust_risk_mondrian,40,0.31379310344827593,40,0.4090909090909091,23424,1596,0.06813524590163934,0.09529780564263318,0.1,0.8,False,5,1,5,True,,False,False,80,station
CSGS7,4,0.25,robust_risk_mondrian,40,0.23171521035598708,40,0.3101694915254237,23424,2875,0.12273736338797814,0.07845428116943665,0.1,0.8,False,5,1,5,True,,False,False,80,station
CSGS8,4,0.25,robust_risk_mondrian,20,0.030041724617524412,20,0.028824756606397828,23104,251,0.010863919667590028,-0.0012169680111265846,0.1,0.8,True,5,1,5,True,,False,False,80,station
CSGS2,4,0.25,robust_rolling_cqr,40,0.5282051282051282,40,0.5410256410256411,23424,1036,0.04422814207650273,0.012820512820512886,0.1,0.8,False,5,1,5,True,,False,False,80,station
CSGS5,4,0.25,robust_rolling_cqr,40,0.36987951807228914,40,0.3913294797687862,15578,1145,0.073501091282578,0.021449961696497044,0.1,0.8,False,5,1,5,True,,False,False,80,station
CSGS6,4,0.25,robust_rolling_cqr,40,0.3848484848484849,40,0.4090909090909091,23424,1596,0.06813524590163934,0.024242424242424232,0.1,0.8,False,5,1,5,True,,False,False,80,station
CSGS7,4,0.25,robust_rolling_cqr,40,0.31355932203389836,40,0.3101694915254237,23424,2875,0.12273736338797814,-0.003389830508474634,0.1,0.8,False,5,1,5,True,,False,False,80,station
CSGS8,4,0.25,robust_rolling_cqr,20,0.004833101529902684,20,0.028824756606397828,23104,251,0.010863919667590028,0.023991655076495144,0.1,0.8,True,5,1,5,True,,False,False,80,station
