station,fold,horizon_steps,condition,n,ramp_n,ramp_prevalence,roc_auc,average_precision,brier,top_decile_ramp_recall
CSGS2,q1_2020,1,clean,5824,183,0.031421703296703296,0.9074036402102872,0.22500522071671575,0.04998955014807479,0.5956284153005464
CSGS2,q1_2020,1,combined_outage,5824,183,0.031421703296703296,0.6850808338249527,0.06207557913710487,0.04570208061752977,0.21311475409836064
CSGS2,q1_2020,1,irradiance_outage,5824,183,0.031421703296703296,0.8926051750309745,0.19449201902191793,0.04447120000393586,0.546448087431694
CSGS2,q1_2020,1,recent_power_outage,5824,183,0.031421703296703296,0.7386261591800082,0.064778091537998,0.04083418715397517,0.22404371584699453
CSGS2,q1_2020,1,weather_outage,5824,183,0.031421703296703296,0.8943168817682405,0.21389208589060213,0.052974527039183726,0.546448087431694
CSGS2,q1_2020,4,clean,5824,473,0.08121565934065934,0.9024643395180526,0.45055756798406904,0.09557236171906608,0.5433403805496829
CSGS2,q1_2020,4,combined_outage,5824,473,0.08121565934065934,0.6530969888460121,0.19393510899972957,0.10857103122275057,0.3044397463002114
CSGS2,q1_2020,4,irradiance_outage,5824,473,0.08121565934065934,0.8828793732810803,0.3622838432841921,0.10180886013823255,0.4630021141649049
CSGS2,q1_2020,4,recent_power_outage,5824,473,0.08121565934065934,0.7304852622832744,0.2910110458786665,0.12182854495080404,0.38477801268498946
CSGS2,q1_2020,4,weather_outage,5824,473,0.08121565934065934,0.8977877719799464,0.45288572212246164,0.08027491609499868,0.5179704016913319
CSGS2,q2_2020,1,clean,5824,337,0.05786401098901099,0.8756180646026568,0.2571008984114848,0.08216471982762082,0.49851632047477745
CSGS2,q2_2020,1,combined_outage,5824,337,0.05786401098901099,0.6515743443228911,0.10826557343947787,0.05837604945333037,0.20474777448071216
CSGS2,q2_2020,1,irradiance_outage,5824,337,0.05786401098901099,0.8666327045474088,0.2514935879495382,0.06791058873458487,0.47477744807121663
CSGS2,q2_2020,1,recent_power_outage,5824,337,0.05786401098901099,0.7181300933038922,0.10559755099663216,0.057450157884756874,0.20474777448071216
CSGS2,q2_2020,1,weather_outage,5824,337,0.05786401098901099,0.8740010783513663,0.256212479355373,0.08143782193670855,0.486646884272997
CSGS2,q2_2020,4,clean,5824,557,0.09563873626373626,0.8452830690328557,0.3312357710327995,0.1005809824888741,0.348294434470377
CSGS2,q2_2020,4,combined_outage,5824,557,0.09563873626373626,0.630279348499294,0.15444913365013102,0.09338768878405619,0.21005385996409337
CSGS2,q2_2020,4,irradiance_outage,5824,557,0.09563873626373626,0.8310219894952446,0.29429967758363496,0.10186438041193051,0.3393177737881508
CSGS2,q2_2020,4,recent_power_outage,5824,557,0.09563873626373626,0.7269365266407588,0.19209965225008835,0.09007916907269194,0.23518850987432674
CSGS2,q2_2020,4,weather_outage,5824,557,0.09563873626373626,0.8430986403264934,0.3226938399660352,0.1013473890025591,0.34111310592459604
CSGS2,q3_2020,1,clean,5888,251,0.04262907608695652,0.8633325488183862,0.1927109923901592,0.06598653972819085,0.5059760956175299
CSGS2,q3_2020,1,combined_outage,5888,251,0.04262907608695652,0.611777124250912,0.0519076718812336,0.04292486573507498,0.099601593625498
CSGS2,q3_2020,1,irradiance_outage,5888,251,0.04262907608695652,0.8612479300467105,0.1886123421782776,0.06589777528150688,0.4860557768924303
CSGS2,q3_2020,1,recent_power_outage,5888,251,0.04262907608695652,0.6377618848713713,0.07213109804815593,0.04485012997150275,0.19123505976095617
CSGS2,q3_2020,1,weather_outage,5888,251,0.04262907608695652,0.8647149913738694,0.19571964500626066,0.06593837842188181,0.49800796812749004
CSGS2,q3_2020,4,clean,5888,449,0.07625679347826086,0.8800812084299198,0.3052885275795381,0.09054569521138302,0.41648106904231624
CSGS2,q3_2020,4,combined_outage,5888,449,0.07625679347826086,0.5962806358924717,0.1534835889241219,0.09720154225288466,0.27839643652561247
CSGS2,q3_2020,4,irradiance_outage,5888,449,0.07625679347826086,0.8665924685651062,0.2887868785111174,0.10327266767980328,0.3741648106904232
CSGS2,q3_2020,4,recent_power_outage,5888,449,0.07625679347826086,0.7972352608050985,0.2193139939736903,0.0773669233471552,0.32516703786191536
CSGS2,q3_2020,4,weather_outage,5888,449,0.07625679347826086,0.8777881103684476,0.2984805551666868,0.09464699147460688,0.40979955456570155
CSGS2,q4_2020,1,clean,5888,260,0.044157608695652176,0.9100869279973758,0.2923594128635224,0.06243295721927376,0.6230769230769231
CSGS2,q4_2020,1,combined_outage,5888,260,0.044157608695652176,0.517524328904926,0.06978252364396968,0.05300346154206122,0.19615384615384615
CSGS2,q4_2020,1,irradiance_outage,5888,260,0.044157608695652176,0.9034111721611722,0.2658512324783764,0.06063399946842425,0.5923076923076923
CSGS2,q4_2020,1,recent_power_outage,5888,260,0.044157608695652176,0.7499186758515117,0.12384488300069005,0.05074253419820578,0.25769230769230766
CSGS2,q4_2020,1,weather_outage,5888,260,0.044157608695652176,0.8978975315729046,0.26240285688999393,0.0633994233152788,0.5807692307692308
CSGS2,q4_2020,4,clean,5888,770,0.13077445652173914,0.9358324071395584,0.6916444797815173,0.0859172481526496,0.5545454545454546
CSGS2,q4_2020,4,combined_outage,5888,770,0.13077445652173914,0.6448185167704511,0.2529652380341584,0.11983173230647425,0.24025974025974026
CSGS2,q4_2020,4,irradiance_outage,5888,770,0.13077445652173914,0.9221383149870842,0.6558482130216347,0.0895486091901387,0.5207792207792208
CSGS2,q4_2020,4,recent_power_outage,5888,770,0.13077445652173914,0.7142251945006928,0.2700755479810152,0.13759122675627058,0.23766233766233766
CSGS2,q4_2020,4,weather_outage,5888,770,0.13077445652173914,0.9368872530361393,0.7073317501751304,0.08010837799133962,0.5454545454545454
CSGS5,q1_2020,1,clean,3706,334,0.0901241230437129,0.8659500394229336,0.3597698523167285,0.10126869636938335,0.4041916167664671
CSGS5,q1_2020,1,combined_outage,3706,334,0.0901241230437129,0.46541791861117626,0.0801756459031294,0.10203306208590579,0.0688622754491018
CSGS5,q1_2020,1,irradiance_outage,3706,334,0.0901241230437129,0.8489746485676335,0.30954744642196713,0.08452521373992848,0.4221556886227545
CSGS5,q1_2020,1,recent_power_outage,3706,334,0.0901241230437129,0.7001948061173028,0.15479667517499,0.08932369391790697,0.17964071856287425
CSGS5,q1_2020,1,weather_outage,3706,334,0.0901241230437129,0.8637649079066066,0.36672793261173986,0.11023543131977367,0.4101796407185629
CSGS5,q1_2020,4,clean,3439,543,0.15789473684210525,0.8450437766449946,0.5093112583997951,0.13217617810226387,0.3425414364640884
CSGS5,q1_2020,4,combined_outage,3439,543,0.15789473684210525,0.5109339865490471,0.18754896398451984,0.1525774426008568,0.1289134438305709
CSGS5,q1_2020,4,irradiance_outage,3439,543,0.15789473684210525,0.8217513456040209,0.43668657019384705,0.12848504510890682,0.3406998158379374
CSGS5,q1_2020,4,recent_power_outage,3439,543,0.15789473684210525,0.7007522282592107,0.28453837165207146,0.12807167414652634,0.2265193370165746
CSGS5,q1_2020,4,weather_outage,3439,543,0.15789473684210525,0.8251089964693792,0.453186196860715,0.13731097284042498,0.31123388581952116
CSGS5,q2_2020,1,clean,4698,658,0.14005959982971478,0.8473718363477684,0.40632500659806403,0.14365562103058238,0.3069908814589666
CSGS5,q2_2020,1,combined_outage,4698,658,0.14005959982971478,0.6350574799121249,0.20761647831740554,0.12117081601832376,0.14437689969604864
CSGS5,q2_2020,1,irradiance_outage,4698,658,0.14005959982971478,0.8369603734689578,0.39614133856733946,0.10658573755534295,0.3009118541033435
CSGS5,q2_2020,1,recent_power_outage,4698,658,0.14005959982971478,0.7665841584158416,0.2875081428127501,0.1102201205199963,0.23252279635258358
CSGS5,q2_2020,1,weather_outage,4698,658,0.14005959982971478,0.8454198516356195,0.40137569908801285,0.14046436972356746,0.31762917933130697
CSGS5,q2_2020,4,clean,4426,659,0.14889290555806597,0.7918236518475879,0.3515328591915629,0.15805587207058142,0.26555386949924126
CSGS5,q2_2020,4,combined_outage,4426,659,0.14889290555806597,0.5344945100672601,0.16612941693356031,0.14736292685732588,0.1441578148710167
CSGS5,q2_2020,4,irradiance_outage,4426,659,0.14889290555806597,0.7536368261554197,0.3068636972667314,0.1440439729405425,0.22154779969650987
CSGS5,q2_2020,4,recent_power_outage,4426,659,0.14889290555806597,0.6848063185889119,0.26762314064673387,0.13808853475694816,0.18816388467374812
CSGS5,q2_2020,4,weather_outage,4426,659,0.14889290555806597,0.7821572049903867,0.32648761286826516,0.16897952602111016,0.23823975720789076
CSGS5,q3_2020,1,clean,4594,588,0.1279930343926861,0.8548902836221858,0.41270126702982346,0.14369128447790475,0.3554421768707483
CSGS5,q3_2020,1,combined_outage,4594,588,0.1279930343926861,0.46081324441908567,0.10918701525758309,0.12287512997956436,0.04251700680272109
CSGS5,q3_2020,1,irradiance_outage,4594,588,0.1279930343926861,0.8248278093064485,0.3511648403836739,0.10968201193938382,0.3197278911564626
CSGS5,q3_2020,1,recent_power_outage,4594,588,0.1279930343926861,0.7099915602786296,0.19580168096729456,0.1291280914394259,0.1326530612244898
CSGS5,q3_2020,1,weather_outage,4594,588,0.1279930343926861,0.855091512391277,0.42237147035696754,0.14119038185001298,0.3707482993197279
CSGS5,q3_2020,4,clean,4320,527,0.12199074074074075,0.8072610536437089,0.3274394921657516,0.14189496163568524,0.25996204933586337
CSGS5,q3_2020,4,combined_outage,4320,527,0.12199074074074075,0.4718649304546325,0.11278228093493266,0.1320736852273891,0.08349146110056926
CSGS5,q3_2020,4,irradiance_outage,4320,527,0.12199074074074075,0.7548805324499189,0.23731905057283775,0.1421627915814224,0.2049335863377609
CSGS5,q3_2020,4,recent_power_outage,4320,527,0.12199074074074075,0.6406608398272859,0.1668360514783504,0.12599653801880387,0.16888045540796964
CSGS5,q3_2020,4,weather_outage,4320,527,0.12199074074074075,0.8038184291346638,0.3302359111605564,0.16231583468585045,0.2903225806451613
CSGS5,q4_2020,1,clean,3669,297,0.08094848732624693,0.8695835380295641,0.3319113282600214,0.09210490246040541,0.47474747474747475
CSGS5,q4_2020,1,combined_outage,3669,297,0.08094848732624693,0.5586794197411042,0.09061807271503566,0.08752395327698813,0.08417508417508418
CSGS5,q4_2020,1,irradiance_outage,3669,297,0.08094848732624693,0.8487719224670588,0.30529731597256815,0.08397715282545115,0.43097643097643096
CSGS5,q4_2020,1,recent_power_outage,3669,297,0.08094848732624693,0.7769045736127587,0.20715167946691881,0.08661549599254856,0.28619528619528617
CSGS5,q4_2020,1,weather_outage,3669,297,0.08094848732624693,0.8696943735496523,0.3327493301274916,0.09964874803512894,0.47474747474747475
CSGS5,q4_2020,4,clean,3393,482,0.14205717653993516,0.8764769061693306,0.5710007347069718,0.13047840184367837,0.42323651452282157
CSGS5,q4_2020,4,combined_outage,3393,482,0.14205717653993516,0.5681646808286211,0.16589834394406663,0.1445033648382775,0.12655601659751037
CSGS5,q4_2020,4,irradiance_outage,3393,482,0.14205717653993516,0.7977566848311811,0.40262783742684904,0.1387654666311591,0.3132780082987552
CSGS5,q4_2020,4,recent_power_outage,3393,482,0.14205717653993516,0.7029182482813081,0.330490469665905,0.14565326991069558,0.24896265560165975
CSGS5,q4_2020,4,weather_outage,3393,482,0.14205717653993516,0.8546848340320233,0.5141499711338372,0.12413349623595987,0.34439834024896265
CSGS6,q1_2020,1,clean,5824,366,0.06284340659340659,0.9187991958462737,0.4166605099414635,0.063250368627201,0.644808743169399
CSGS6,q1_2020,1,combined_outage,5824,366,0.06284340659340659,0.7991680633231011,0.24010864748732447,0.09804997494182892,0.4562841530054645
CSGS6,q1_2020,1,irradiance_outage,5824,366,0.06284340659340659,0.8861544792123459,0.343992904747666,0.09243551060877461,0.5983606557377049
CSGS6,q1_2020,1,recent_power_outage,5824,366,0.06284340659340659,0.8767085263122063,0.3203142063367056,0.06711619646258302,0.546448087431694
CSGS6,q1_2020,1,weather_outage,5824,366,0.06284340659340659,0.9129279825873486,0.3998445811536331,0.0704761097935894,0.6174863387978142
CSGS6,q1_2020,4,clean,5824,1210,0.20776098901098902,0.95262997632072,0.8489945678637608,0.08763788847159643,0.4446280991735537
CSGS6,q1_2020,4,combined_outage,5824,1210,0.20776098901098902,0.7287617276918612,0.473205905551376,0.2105175319471651,0.33636363636363636
CSGS6,q1_2020,4,irradiance_outage,5824,1210,0.20776098901098902,0.9158792679126052,0.7552073005562794,0.14546160003915012,0.40165289256198344
CSGS6,q1_2020,4,recent_power_outage,5824,1210,0.20776098901098902,0.8886523946164566,0.6933706440631889,0.14691799337426445,0.3669421487603306
CSGS6,q1_2020,4,weather_outage,5824,1210,0.20776098901098902,0.945204139754323,0.8293528884384039,0.08874738754789603,0.43636363636363634
CSGS6,q2_2020,1,clean,5824,487,0.08361950549450549,0.8679612207059392,0.3103116489682712,0.09851883202232975,0.4086242299794661
CSGS6,q2_2020,1,combined_outage,5824,487,0.08361950549450549,0.7505668266824258,0.17658219428411406,0.09781961769833805,0.2299794661190965
CSGS6,q2_2020,1,irradiance_outage,5824,487,0.08361950549450549,0.8406259967319696,0.2994786620221569,0.10463707671582761,0.3839835728952772
CSGS6,q2_2020,1,recent_power_outage,5824,487,0.08361950549450549,0.8237150742232273,0.25800423723176136,0.0755059390942695,0.351129363449692
CSGS6,q2_2020,1,weather_outage,5824,487,0.08361950549450549,0.8713163960557404,0.3237027093543196,0.1032412578836095,0.41683778234086244
CSGS6,q2_2020,4,clean,5824,728,0.125,0.8595909094829817,0.4770307174448065,0.10660666659360005,0.3914835164835165
CSGS6,q2_2020,4,combined_outage,5824,728,0.125,0.6460522527903807,0.21224140598680757,0.1566154207319098,0.15384615384615385
CSGS6,q2_2020,4,irradiance_outage,5824,728,0.125,0.8138272637880174,0.3704176613711489,0.12121448083952494,0.31043956043956045
CSGS6,q2_2020,4,recent_power_outage,5824,728,0.125,0.8244577733883072,0.3865014934989298,0.11790046301205989,0.32005494505494503
CSGS6,q2_2020,4,weather_outage,5824,728,0.125,0.8649929593561855,0.4833088432877491,0.11003732965253833,0.4065934065934066
CSGS6,q3_2020,1,clean,5888,597,0.10139266304347826,0.8727075812502948,0.37519890951159274,0.11041431605507664,0.39028475711892796
CSGS6,q3_2020,1,combined_outage,5888,597,0.10139266304347826,0.8135047758163335,0.30489820215186614,0.11241844138831938,0.34505862646566166
CSGS6,q3_2020,1,irradiance_outage,5888,597,0.10139266304347826,0.8625280057440861,0.3346568141829033,0.11155455966799549,0.37185929648241206
CSGS6,q3_2020,1,recent_power_outage,5888,597,0.10139266304347826,0.8394093569972967,0.31855649346163467,0.09740338076662092,0.35343383584589616
CSGS6,q3_2020,1,weather_outage,5888,597,0.10139266304347826,0.8712330948511853,0.37519848660426075,0.11604429847638863,0.4020100502512563
CSGS6,q3_2020,4,clean,5888,716,0.12160326086956522,0.8669625227373869,0.46820849247549223,0.11124241667170319,0.38687150837988826
CSGS6,q3_2020,4,combined_outage,5888,716,0.12160326086956522,0.6172490354163156,0.1835647938183507,0.16061702322830032,0.16899441340782123
CSGS6,q3_2020,4,irradiance_outage,5888,716,0.12160326086956522,0.8408909491157803,0.35312490447955136,0.11617724609664783,0.2988826815642458
CSGS6,q3_2020,4,recent_power_outage,5888,716,0.12160326086956522,0.802721708425687,0.3194418610928082,0.12903655330414165,0.28631284916201116
CSGS6,q3_2020,4,weather_outage,5888,716,0.12160326086956522,0.8655676299541579,0.4604192708683831,0.11980617075593289,0.388268156424581
CSGS6,q4_2020,1,clean,5888,304,0.051630434782608696,0.9295967802744683,0.4005023775302358,0.059854701318280835,0.6776315789473685
CSGS6,q4_2020,1,combined_outage,5888,304,0.051630434782608696,0.8036409831661891,0.14695216690522409,0.1225968629564538,0.29605263157894735
CSGS6,q4_2020,1,irradiance_outage,5888,304,0.051630434782608696,0.8872459847685117,0.30441834699694587,0.09708665057464116,0.5855263157894737
CSGS6,q4_2020,1,recent_power_outage,5888,304,0.051630434782608696,0.899441307872116,0.3230515000700027,0.06891098261814449,0.569078947368421
CSGS6,q4_2020,1,weather_outage,5888,304,0.051630434782608696,0.9262648921731262,0.38631060538727907,0.06354932120060258,0.6907894736842105
CSGS6,q4_2020,4,clean,5888,940,0.15964673913043478,0.9543616376270662,0.8191497753033393,0.08491284073249655,0.5351063829787234
CSGS6,q4_2020,4,combined_outage,5888,940,0.15964673913043478,0.6071780560381155,0.2666853517412542,0.2518586896691116,0.2053191489361702
CSGS6,q4_2020,4,irradiance_outage,5888,940,0.15964673913043478,0.9131173781798791,0.6571155353111185,0.14382301924812343,0.41702127659574467
CSGS6,q4_2020,4,recent_power_outage,5888,940,0.15964673913043478,0.8935084452776965,0.6459095365149716,0.15108795526869037,0.4372340425531915
CSGS6,q4_2020,4,weather_outage,5888,940,0.15964673913043478,0.9476805586611398,0.8031087932670313,0.09592204302752488,0.5319148936170213
CSGS7,q1_2020,1,clean,5824,584,0.10027472527472528,0.9084513554846806,0.4764496116553796,0.08936303033435455,0.5034246575342466
CSGS7,q1_2020,1,combined_outage,5824,584,0.10027472527472528,0.7133671115235803,0.3030320775137061,0.12862892601039583,0.3732876712328767
CSGS7,q1_2020,1,irradiance_outage,5824,584,0.10027472527472528,0.8771809317159888,0.4265673609948865,0.1013357730559122,0.4691780821917808
CSGS7,q1_2020,1,recent_power_outage,5824,584,0.10027472527472528,0.8404786024260169,0.3605047218811673,0.10599010141865246,0.3886986301369863
CSGS7,q1_2020,1,weather_outage,5824,584,0.10027472527472528,0.9093624189584858,0.47424715210182183,0.09174003978006882,0.5034246575342466
CSGS7,q1_2020,4,clean,5824,1455,0.2498282967032967,0.9354692817798625,0.8327903680228521,0.10611744385632545,0.36907216494845363
CSGS7,q1_2020,4,combined_outage,5824,1455,0.2498282967032967,0.6178348863714125,0.44060840026851666,0.20281094761374585,0.2536082474226804
CSGS7,q1_2020,4,irradiance_outage,5824,1455,0.2498282967032967,0.9198674824737549,0.8034034838737265,0.1327974357623306,0.363573883161512
CSGS7,q1_2020,4,recent_power_outage,5824,1455,0.2498282967032967,0.8319892809303913,0.663169544530267,0.15677815750590826,0.32027491408934705
CSGS7,q1_2020,4,weather_outage,5824,1455,0.2498282967032967,0.9192093781633959,0.7900435495669271,0.10820414498838406,0.35945017182130584
CSGS7,q2_2020,1,clean,5824,804,0.13804945054945056,0.8940341866365386,0.4959663259200979,0.11457791458629185,0.39303482587064675
CSGS7,q2_2020,1,combined_outage,5824,804,0.13804945054945056,0.7928040326257161,0.34271111398958054,0.13749972829880136,0.30223880597014924
CSGS7,q2_2020,1,irradiance_outage,5824,804,0.13804945054945056,0.8761264642920854,0.4459995917594173,0.10650029076389714,0.35074626865671643
CSGS7,q2_2020,1,recent_power_outage,5824,804,0.13804945054945056,0.8704172117500149,0.4351986286532377,0.12048520704152624,0.3370646766169154
CSGS7,q2_2020,1,weather_outage,5824,804,0.13804945054945056,0.8922040692949595,0.4898255871641598,0.11592782834470927,0.39552238805970147
CSGS7,q2_2020,4,clean,5824,1061,0.1821771978021978,0.8822764543608315,0.6158803907930646,0.12285317340698859,0.37134778510838834
CSGS7,q2_2020,4,combined_outage,5824,1061,0.1821771978021978,0.5793087146977873,0.2742378316592581,0.18267279533903966,0.18661639962299717
CSGS7,q2_2020,4,irradiance_outage,5824,1061,0.1821771978021978,0.8451953411695516,0.5191150024834441,0.133393187884191,0.293119698397738
CSGS7,q2_2020,4,recent_power_outage,5824,1061,0.1821771978021978,0.7831520380849634,0.4430315437721823,0.14694735503728154,0.26013195098963243
CSGS7,q2_2020,4,weather_outage,5824,1061,0.1821771978021978,0.881711306305299,0.6061205358270543,0.12091360147453935,0.36286522148916117
CSGS7,q3_2020,1,clean,5888,928,0.15760869565217392,0.8692650036498888,0.4730003850478287,0.1338800734620786,0.32219827586206895
CSGS7,q3_2020,1,combined_outage,5888,928,0.15760869565217392,0.760997462458287,0.32052386454960485,0.12390945776876752,0.24030172413793102
CSGS7,q3_2020,1,irradiance_outage,5888,928,0.15760869565217392,0.8493356333426029,0.4399199321797683,0.11115279556236582,0.3081896551724138
CSGS7,q3_2020,1,recent_power_outage,5888,928,0.15760869565217392,0.8108391919841491,0.35700341178966977,0.1217833676274695,0.2435344827586207
CSGS7,q3_2020,1,weather_outage,5888,928,0.15760869565217392,0.8681551550333704,0.4729700129235318,0.13541755356428165,0.33512931034482757
CSGS7,q3_2020,4,clean,5888,1011,0.17170516304347827,0.8503894113693395,0.510588163020357,0.132736998047105,0.3293768545994065
CSGS7,q3_2020,4,combined_outage,5888,1011,0.17170516304347827,0.536139679031981,0.18841512642269065,0.20337714881410648,0.12561819980217606
CSGS7,q3_2020,4,irradiance_outage,5888,1011,0.17170516304347827,0.8146221986688563,0.3983412319292686,0.1380253064715888,0.2571711177052423
CSGS7,q3_2020,4,recent_power_outage,5888,1011,0.17170516304347827,0.795659474304285,0.3727729921981535,0.14330563077762842,0.23837784371909002
CSGS7,q3_2020,4,weather_outage,5888,1011,0.17170516304347827,0.8472541230390251,0.49739629261532986,0.1427644100720501,0.3254203758654797
CSGS7,q4_2020,1,clean,5888,568,0.09646739130434782,0.9228519141162765,0.5056609211815173,0.07970968083631146,0.5264084507042254
CSGS7,q4_2020,1,combined_outage,5888,568,0.09646739130434782,0.7809002038547072,0.2161080997617725,0.13009640930623548,0.20422535211267606
CSGS7,q4_2020,1,irradiance_outage,5888,568,0.09646739130434782,0.9027527004130044,0.44573545567822676,0.07992710057764149,0.4788732394366197
CSGS7,q4_2020,1,recent_power_outage,5888,568,0.09646739130434782,0.8767426930001059,0.38153801797514325,0.09292826006720556,0.4242957746478873
CSGS7,q4_2020,1,weather_outage,5888,568,0.09646739130434782,0.9226368076882346,0.5021989543484698,0.07878588669692217,0.5334507042253521
CSGS7,q4_2020,4,clean,5888,1027,0.17442255434782608,0.9173622619233384,0.7395870813711153,0.11140271074032318,0.4664070107108082
CSGS7,q4_2020,4,combined_outage,5888,1027,0.17442255434782608,0.5912801389835078,0.2821134275071772,0.2030686878052679,0.23076923076923078
CSGS7,q4_2020,4,irradiance_outage,5888,1027,0.17442255434782608,0.8857134873334593,0.6382691988187758,0.1271120056255986,0.4079844206426485
CSGS7,q4_2020,4,recent_power_outage,5888,1027,0.17442255434782608,0.7813804084613603,0.4548787802373645,0.17433199707225858,0.29990262901655307
CSGS7,q4_2020,4,weather_outage,5888,1027,0.17442255434782608,0.9227840689773563,0.7409843262025907,0.09702217580818707,0.4595910418695229
CSGS8,q1_2020,1,clean,5824,136,0.023351648351648352,0.9250149954496566,0.1730935769263131,0.02830696882502475,0.7132352941176471
CSGS8,q1_2020,1,combined_outage,5824,136,0.023351648351648352,0.5211435840158848,0.02785679253565857,0.023178223494251336,0.0
CSGS8,q1_2020,1,irradiance_outage,5824,136,0.023351648351648352,0.9166582640440142,0.17889962109601878,0.021266399281683744,0.6397058823529411
CSGS8,q1_2020,1,recent_power_outage,5824,136,0.023351648351648352,0.7886365516670802,0.08555973853549892,0.022047130044928476,0.4117647058823529
CSGS8,q1_2020,1,weather_outage,5824,136,0.023351648351648352,0.922538160833954,0.16708323809049422,0.02579343626437003,0.6617647058823529
CSGS8,q1_2020,4,clean,5824,231,0.039663461538461536,0.8867616679166832,0.24972208837580342,0.03923152832611098,0.6320346320346321
CSGS8,q1_2020,4,combined_outage,5824,231,0.039663461538461536,0.4342758379947723,0.034183633872559065,0.04947704537992045,0.0
CSGS8,q1_2020,4,irradiance_outage,5824,231,0.039663461538461536,0.7975720268765147,0.23358911706428143,0.0404665262251227,0.6320346320346321
CSGS8,q1_2020,4,recent_power_outage,5824,231,0.039663461538461536,0.5862310107795535,0.05393836007625874,0.04564880290512412,0.16017316017316016
CSGS8,q1_2020,4,weather_outage,5824,231,0.039663461538461536,0.885812739022108,0.23355819910166098,0.03789483244678867,0.645021645021645
CSGS8,q2_2020,1,clean,5760,160,0.027777777777777776,0.9172410714285715,0.18642947541531632,0.04135706855785669,0.61875
CSGS8,q2_2020,1,combined_outage,5760,160,0.027777777777777776,0.6096953125,0.046694126745687334,0.02733513305486422,0.0
CSGS8,q2_2020,1,irradiance_outage,5760,160,0.027777777777777776,0.9189475446428571,0.17240103266084617,0.03575336072501145,0.61875
CSGS8,q2_2020,1,recent_power_outage,5760,160,0.027777777777777776,0.7590463169642856,0.07406332327234033,0.026618649910236453,0.3125
CSGS8,q2_2020,1,weather_outage,5760,160,0.027777777777777776,0.9233314732142857,0.1983110715142308,0.03917889104167744,0.65
CSGS8,q2_2020,4,clean,5760,178,0.03090277777777778,0.9338906356305783,0.2715723605174787,0.048654033279465006,0.7247191011235955
CSGS8,q2_2020,4,combined_outage,5760,178,0.03090277777777778,0.7587636222368046,0.06263171974771115,0.04539043743455991,0.16292134831460675
CSGS8,q2_2020,4,irradiance_outage,5760,178,0.03090277777777778,0.9316900430356001,0.25999753838324724,0.05073711942185856,0.7303370786516854
CSGS8,q2_2020,4,recent_power_outage,5760,178,0.03090277777777778,0.8221877906110733,0.10755497278867848,0.039937991402486654,0.38764044943820225
CSGS8,q2_2020,4,weather_outage,5760,178,0.03090277777777778,0.9305437018667547,0.2657635522352324,0.05032746597576104,0.7191011235955056
CSGS8,q3_2020,1,clean,5888,246,0.041779891304347824,0.8659487640604872,0.1592583955621703,0.07767832005278869,0.3983739837398374
CSGS8,q3_2020,1,combined_outage,5888,246,0.041779891304347824,0.6272140854162884,0.07403371092082969,0.04075282678964608,0.2926829268292683
CSGS8,q3_2020,1,irradiance_outage,5888,246,0.041779891304347824,0.8657088387615531,0.1606721614076469,0.07133051657525181,0.4024390243902439
CSGS8,q3_2020,1,recent_power_outage,5888,246,0.041779891304347824,0.7716970283846759,0.10194391735433109,0.038734128000696685,0.26422764227642276
CSGS8,q3_2020,1,weather_outage,5888,246,0.041779891304347824,0.8707105247231132,0.16440629463010056,0.07653136570522563,0.4065040650406504
CSGS8,q3_2020,4,clean,5888,338,0.057404891304347824,0.9365254011407858,0.4712935281777788,0.07427039289726016,0.6420118343195266
CSGS8,q3_2020,4,combined_outage,5888,338,0.057404891304347824,0.8019185457646997,0.13269684195107276,0.05727230443016277,0.20710059171597633
CSGS8,q3_2020,4,irradiance_outage,5888,338,0.057404891304347824,0.9382520390212699,0.4755907686181441,0.07921105577502678,0.650887573964497
CSGS8,q3_2020,4,recent_power_outage,5888,338,0.057404891304347824,0.8384892584892585,0.2010493736919088,0.0556838661306065,0.38461538461538464
CSGS8,q3_2020,4,weather_outage,5888,338,0.057404891304347824,0.93532437763207,0.4518016887636144,0.0822292986676762,0.6538461538461539
CSGS8,q4_2020,1,clean,5632,181,0.03213778409090909,0.8871837596832048,0.14721261931912807,0.06904975699176942,0.47513812154696133
CSGS8,q4_2020,1,combined_outage,5632,181,0.03213778409090909,0.5564892041705561,0.036257719105674706,0.031499941057765664,0.03867403314917127
CSGS8,q4_2020,1,irradiance_outage,5632,181,0.03213778409090909,0.8875526919385263,0.14963499058694013,0.07425077756030199,0.46408839779005523
CSGS8,q4_2020,1,recent_power_outage,5632,181,0.03213778409090909,0.5667513994593724,0.036999305621969084,0.03152013514441132,0.07734806629834254
CSGS8,q4_2020,1,weather_outage,5632,181,0.03213778409090909,0.8884679277257658,0.1531823591578818,0.0694157529183846,0.44751381215469616
CSGS8,q4_2020,4,clean,5632,363,0.064453125,0.950262123643307,0.5297742009795607,0.07531175216242164,0.7024793388429752
CSGS8,q4_2020,4,combined_outage,5632,363,0.064453125,0.7909460031045981,0.1446935628320401,0.06198536562257506,0.12396694214876033
CSGS8,q4_2020,4,irradiance_outage,5632,363,0.064453125,0.9459688588641815,0.4915323226122735,0.0779094129601411,0.6887052341597796
CSGS8,q4_2020,4,recent_power_outage,5632,363,0.064453125,0.7885386064443674,0.14670065959106326,0.06369519351696135,0.1487603305785124
CSGS8,q4_2020,4,weather_outage,5632,363,0.064453125,0.9507776395748928,0.5161859335538727,0.07087013987553287,0.7107438016528925
