station,fold,horizon_steps,method,worst_undercoverage,mean_abs_coverage_error,mean_normalized_width,mean_normalized_interval_score
CSGS2,q1_2020,1,clean_condition_cqr,0.6704918032786885,0.21540373320623885,0.3089511718318288,0.5995831749193922
CSGS2,q1_2020,1,lgbm_condition_cqr,0.5994535519125683,0.19963625020948306,0.31933544304997585,0.564040709235948
CSGS2,q1_2020,1,oracle_ramp_mondrian,0.0765644389292679,0.025309603866306717,0.23755476361052455,0.30858890726217447
CSGS2,q1_2020,1,persistence_condition_cqr,0.9,0.31304568523001486,0.33158509277860737,0.8205164950345554
CSGS2,q1_2020,1,robust_condition_cqr,0.5174863387978142,0.23150090622617583,0.15670989030872864,0.46620480674286496
CSGS2,q1_2020,1,robust_local_cqr,0.34808743169398915,0.16265861864200726,0.18501966374718462,0.3916835645552792
CSGS2,q1_2020,1,robust_risk_mondrian,0.39726775956284155,0.19710480353152127,0.16980425569962276,0.426719019368296
CSGS2,q1_2020,1,robust_rolling_cqr,0.5174863387978142,0.21375313255894834,0.16427318065751267,0.4555326452313648
CSGS2,q1_2020,4,clean_condition_cqr,0.3312896405919662,0.10269144926774665,0.2968974308508575,0.49313654692438985
CSGS2,q1_2020,4,lgbm_condition_cqr,0.312262156448203,0.10627353445622578,0.31509994091104077,0.44522966385332613
CSGS2,q1_2020,4,oracle_ramp_mondrian,0.06875350401794056,0.027635947994150988,0.2543210203827438,0.36859901136439593
CSGS2,q1_2020,4,persistence_condition_cqr,0.5469344608879493,0.21913044646374216,0.498405906663571,0.8243867622113628
CSGS2,q1_2020,4,robust_condition_cqr,0.2974630021141649,0.1175835936694372,0.20379332923072532,0.4333302273579623
CSGS2,q1_2020,4,robust_local_cqr,0.17484143763213533,0.06913069537495313,0.2323788044650404,0.37928122740565395
CSGS2,q1_2020,4,robust_risk_mondrian,0.16849894291754763,0.07135114141594132,0.2284214284898501,0.3958639855149325
CSGS2,q1_2020,4,robust_rolling_cqr,0.26152219873150107,0.0892704807502737,0.22747482238555689,0.40611033745951347
CSGS2,q2_2020,1,clean_condition_cqr,0.6537091988130563,0.2937462542973167,0.26095549513294003,0.9273357604788346
CSGS2,q2_2020,1,lgbm_condition_cqr,0.46676557863501483,0.25424938038060285,0.2781898509738121,0.8290140608544077
CSGS2,q2_2020,1,oracle_ramp_mondrian,0.05727002967359052,0.026512755533851528,0.26763435533410396,0.36375105984186734
CSGS2,q2_2020,1,persistence_condition_cqr,0.9,0.313217613360741,0.2853911691067814,1.0387102092806597
CSGS2,q2_2020,1,robust_condition_cqr,0.48456973293768546,0.19633400554534347,0.18999893113760566,0.5228726262072194
CSGS2,q2_2020,1,robust_local_cqr,0.3777448071216617,0.15868281057087186,0.21651102021108043,0.4667911773717222
CSGS2,q2_2020,1,robust_risk_mondrian,0.4400593471810089,0.17959866293083354,0.20026475228045112,0.49838967538372836
CSGS2,q2_2020,1,robust_rolling_cqr,0.47863501483679527,0.2025571637087716,0.1876320223955594,0.5261640159760238
CSGS2,q2_2020,4,clean_condition_cqr,0.3488330341113106,0.15060591692660408,0.29091875209535667,0.726711508121581
CSGS2,q2_2020,4,lgbm_condition_cqr,0.28240574506283667,0.12671099038455966,0.2962153194101931,0.587237437062201
CSGS2,q2_2020,4,oracle_ramp_mondrian,0.07235188509874324,0.03636025127150897,0.271495595506653,0.43451991815650864
CSGS2,q2_2020,4,persistence_condition_cqr,0.9,0.35874019972601334,0.44149402451274106,1.1326699400953872
CSGS2,q2_2020,4,robust_condition_cqr,0.2518850987432675,0.10936981353701562,0.2290682027090924,0.49514135786892455
CSGS2,q2_2020,4,robust_local_cqr,0.1710951526032316,0.074367211038276,0.26310252344100277,0.4606743745173126
CSGS2,q2_2020,4,robust_risk_mondrian,0.17289048473967683,0.07954573699798788,0.2509034278092482,0.48772295986473335
CSGS2,q2_2020,4,robust_rolling_cqr,0.2464991023339318,0.11027613755782335,0.23040672119698677,0.5004627589981718
CSGS2,q3_2020,1,clean_condition_cqr,0.6370517928286853,0.19424440255652922,0.3267894280032984,0.584121688525638
CSGS2,q3_2020,1,lgbm_condition_cqr,0.5374501992031873,0.1695003063848915,0.3299853365015353,0.5209889893552182
CSGS2,q3_2020,1,oracle_ramp_mondrian,0.011938974631896415,0.03262523438267508,0.2662793247462553,0.30101746367877213
CSGS2,q3_2020,1,persistence_condition_cqr,0.9,0.3070233170564151,0.3157553566341274,0.7905696266961451
CSGS2,q3_2020,1,robust_condition_cqr,0.5135458167330678,0.20964133531511706,0.1724241056330107,0.4089302819360959
CSGS2,q3_2020,1,robust_local_cqr,0.34621513944223115,0.14483411042719313,0.19943813510174124,0.35755552096502086
CSGS2,q3_2020,1,robust_risk_mondrian,0.39800796812749006,0.17062337840407044,0.18597817752266915,0.3744006616622836
CSGS2,q3_2020,1,robust_rolling_cqr,0.501593625498008,0.19586263779368954,0.17630050905284414,0.40239533169435776
CSGS2,q3_2020,4,clean_condition_cqr,0.22293986636971053,0.08377737129884759,0.34620937804152246,0.5063492613397552
CSGS2,q3_2020,4,lgbm_condition_cqr,0.15835189309576836,0.06648106494749828,0.3454299543000846,0.44992160898899736
CSGS2,q3_2020,4,oracle_ramp_mondrian,0.0,0.03590201264397889,0.30671945784390936,0.37846399849059603
CSGS2,q3_2020,4,persistence_condition_cqr,0.9,0.32819937341095473,0.4733932171985213,0.8638674707387304
CSGS2,q3_2020,4,robust_condition_cqr,0.15389755011135864,0.07645745832191903,0.2272605557411685,0.39749651018980614
CSGS2,q3_2020,4,robust_local_cqr,0.11158129175946552,0.05854606936375949,0.23856947212447036,0.36903585540145356
CSGS2,q3_2020,4,robust_risk_mondrian,0.08485523385300675,0.05288580248809331,0.24656168709903376,0.3852852680158008
CSGS2,q3_2020,4,robust_rolling_cqr,0.1806236080178174,0.07906692201951508,0.21485071939073758,0.40050875549454623
CSGS2,q4_2020,1,clean_condition_cqr,0.6884615384615385,0.2081127330381062,0.2936342967724851,0.6342414555054028
CSGS2,q4_2020,1,lgbm_condition_cqr,0.55,0.18736974468317752,0.3084743971350166,0.5624011361124015
CSGS2,q4_2020,1,oracle_ramp_mondrian,0.0346153846153846,0.023223716581925524,0.23017322553630848,0.31854484265725397
CSGS2,q4_2020,1,persistence_condition_cqr,0.9,0.34712946257722377,0.26731770588931036,1.0710091727190232
CSGS2,q4_2020,1,robust_condition_cqr,0.4730769230769231,0.21959843638948118,0.16230233753037274,0.4444931131707035
CSGS2,q4_2020,1,robust_local_cqr,0.2692307692307693,0.15337406374719809,0.1966459860184837,0.38215289061665725
CSGS2,q4_2020,1,robust_risk_mondrian,0.3846153846153847,0.18377590071619926,0.17341713372104423,0.4144652521414109
CSGS2,q4_2020,1,robust_rolling_cqr,0.4730769230769231,0.2110885134765732,0.16275357864804121,0.44374546403865206
CSGS2,q4_2020,4,clean_condition_cqr,0.31558441558441563,0.10128880498165374,0.29381236090572627,0.5361793491609868
CSGS2,q4_2020,4,lgbm_condition_cqr,0.2935064935064935,0.08628649584100932,0.31024339429416153,0.4573898963124348
CSGS2,q4_2020,4,oracle_ramp_mondrian,0.05064935064935072,0.025640139461944867,0.23619710920947243,0.3375409222436115
CSGS2,q4_2020,4,persistence_condition_cqr,0.9,0.3778506721883041,0.41838349544681536,1.1921821906692103
CSGS2,q4_2020,4,robust_condition_cqr,0.24935064935064932,0.11048461503326686,0.19095964904398874,0.38829869792095184
CSGS2,q4_2020,4,robust_local_cqr,0.11298701298701297,0.06005496262237177,0.2311218967177428,0.35589365420410296
CSGS2,q4_2020,4,robust_risk_mondrian,0.1402597402597403,0.07592205762194039,0.21602267337361397,0.3631441944860049
CSGS2,q4_2020,4,robust_rolling_cqr,0.21818181818181825,0.1012761681460392,0.19399606046320175,0.3812201592765317
CSGS5,q1_2020,1,clean_condition_cqr,0.5796407185628742,0.19139017338987507,0.33159152765382316,0.7648512708703687
CSGS5,q1_2020,1,lgbm_condition_cqr,0.39401197604790417,0.14190657830246983,0.357104896083443,0.6616917724850512
CSGS5,q1_2020,1,oracle_ramp_mondrian,0.22947805456702253,0.03783188072254068,0.3518969263005115,0.48380053720659716
CSGS5,q1_2020,1,persistence_condition_cqr,0.9,0.36856152463755765,0.12333331244566097,1.2082985057930107
CSGS5,q1_2020,1,robust_condition_cqr,0.3401197604790419,0.16791903737009967,0.26761261700501526,0.5960203644068085
CSGS5,q1_2020,1,robust_local_cqr,0.22934131736526953,0.1342408066429419,0.30063269654135916,0.5423416474968187
CSGS5,q1_2020,1,robust_risk_mondrian,0.31317365269461084,0.16075169944807893,0.2736517757918808,0.5838269185188274
CSGS5,q1_2020,1,robust_rolling_cqr,0.3311377245508982,0.12865802203422336,0.3060215009601889,0.5550845172056749
CSGS5,q1_2020,4,clean_condition_cqr,0.2793738489871087,0.12401243093922654,0.3648239104305013,0.7728961286879887
CSGS5,q1_2020,4,lgbm_condition_cqr,0.3659300184162063,0.13478591160220996,0.3819492845407339,0.7139025337537914
CSGS5,q1_2020,4,oracle_ramp_mondrian,0.21975138121546967,0.04526703499079191,0.41767132932170936,0.5810647781015239
CSGS5,q1_2020,4,persistence_condition_cqr,0.9,0.4325943830570903,0.33825276785509745,1.1230469340512121
CSGS5,q1_2020,4,robust_condition_cqr,0.18522099447513818,0.09618554327808473,0.34885142827698057,0.6266852987639224
CSGS5,q1_2020,4,robust_local_cqr,0.15207182320441992,0.06616482504604052,0.38378060431722194,0.5866665922859081
CSGS5,q1_2020,4,robust_risk_mondrian,0.1665745856353591,0.07356353591160222,0.37475406838107533,0.6074721293536508
CSGS5,q1_2020,4,robust_rolling_cqr,0.15414364640883982,0.054546500920810315,0.392341487636357,0.59014402330557
CSGS5,q2_2020,1,clean_condition_cqr,0.4987841945288754,0.16225668843480093,0.37950396578185214,0.6908431846962867
CSGS5,q2_2020,1,lgbm_condition_cqr,0.33009118541033433,0.11058254837641816,0.40789570554259386,0.5904729968899696
CSGS5,q2_2020,1,oracle_ramp_mondrian,0.0003039513677811634,0.016264633302235987,0.3653409851820824,0.42083312764616887
CSGS5,q2_2020,1,persistence_condition_cqr,0.9,0.3233795028439014,0.17711284088759505,1.0608464745156465
CSGS5,q2_2020,1,robust_condition_cqr,0.36960486322188457,0.1534277287911162,0.2879555449626309,0.5231889588117754
CSGS5,q2_2020,1,robust_local_cqr,0.19787234042553192,0.09956047428451051,0.3167866975568352,0.47689677525802365
CSGS5,q2_2020,1,robust_risk_mondrian,0.30881458966565356,0.1308621234463872,0.3047150718230265,0.4961255293430513
CSGS5,q2_2020,1,robust_rolling_cqr,0.3240121580547113,0.1547827199133287,0.28556045216300746,0.5156248600806489
CSGS5,q2_2020,4,clean_condition_cqr,0.3142640364188164,0.11628467487601982,0.4342353673688068,0.7383304103819078
CSGS5,q2_2020,4,lgbm_condition_cqr,0.18983308042488622,0.0743391878919762,0.46020386281359543,0.6338750917934528
CSGS5,q2_2020,4,oracle_ramp_mondrian,0.02898330804248861,0.019848689985268585,0.45069018745009687,0.5571688226676301
CSGS5,q2_2020,4,persistence_condition_cqr,0.5783004552352049,0.2521327815672643,0.4083082709419654,1.0234538050421447
CSGS5,q2_2020,4,robust_condition_cqr,0.2065250379362671,0.09646493206517907,0.39395956778857405,0.6254924490674398
CSGS5,q2_2020,4,robust_local_cqr,0.1579666160849773,0.07712967778241923,0.38926482369826854,0.5985038683441419
CSGS5,q2_2020,4,robust_risk_mondrian,0.16555386949924134,0.07526245209879098,0.39846302969525965,0.6007143248667492
CSGS5,q2_2020,4,robust_rolling_cqr,0.183763277693475,0.0870759688098828,0.37705706260401284,0.617352717609468
CSGS5,q3_2020,1,clean_condition_cqr,0.38469387755102047,0.1373197007210273,0.4040593727401651,0.6226810906151867
CSGS5,q3_2020,1,lgbm_condition_cqr,0.28775510204081634,0.1078162348314263,0.4044385438919199,0.565217422194268
CSGS5,q3_2020,1,oracle_ramp_mondrian,0.0,0.01809369279414209,0.3296672024019743,0.3935665869481898
CSGS5,q3_2020,1,persistence_condition_cqr,0.6244897959183674,0.2548295244208517,0.2402301424533848,0.7995761539389782
CSGS5,q3_2020,1,robust_condition_cqr,0.28095238095238095,0.14327063826029662,0.2569783977876544,0.4658089719415378
CSGS5,q3_2020,1,robust_local_cqr,0.17210884353741496,0.09631157005987617,0.2843041855587848,0.43328685692644087
CSGS5,q3_2020,1,robust_risk_mondrian,0.1925170068027211,0.10730384015813015,0.2750062991602457,0.44005439478878133
CSGS5,q3_2020,1,robust_rolling_cqr,0.2962585034013606,0.14707623938242298,0.2529018416011846,0.46965244749112295
CSGS5,q3_2020,4,clean_condition_cqr,0.2529411764705882,0.10128370897953935,0.433334641783663,0.6330815237140254
CSGS5,q3_2020,4,lgbm_condition_cqr,0.21878557874762805,0.06956643892599518,0.44659825912901685,0.5690828364054303
CSGS5,q3_2020,4,oracle_ramp_mondrian,0.0,0.01583852407635955,0.40250917664404773,0.4784233538174183
CSGS5,q3_2020,4,persistence_condition_cqr,0.581214421252372,0.266995008782282,0.41136947548210423,0.9880970901859317
CSGS5,q3_2020,4,robust_condition_cqr,0.17703984819734353,0.08717991946614931,0.3310571133198546,0.5203357594879701
CSGS5,q3_2020,4,robust_local_cqr,0.11631878557874764,0.0672839361032082,0.3551535959569277,0.49437406743920215
CSGS5,q3_2020,4,robust_risk_mondrian,0.13908918406072113,0.07335949424461621,0.34106146747874755,0.5094148896689297
CSGS5,q3_2020,4,robust_rolling_cqr,0.1941176470588235,0.09166356080886043,0.3176141008459147,0.530009817046009
CSGS5,q4_2020,1,clean_condition_cqr,0.5262626262626262,0.16772038295169964,0.3649046865415913,0.6374338668444012
CSGS5,q4_2020,1,lgbm_condition_cqr,0.3612794612794613,0.12585960434714885,0.37601940514500964,0.5638045716537918
CSGS5,q4_2020,1,oracle_ramp_mondrian,0.021886120996441272,0.013966653486226433,0.3183637008865387,0.4007978370878956
CSGS5,q4_2020,1,persistence_condition_cqr,0.6138047138047138,0.2899489557496675,0.23029772017315864,0.7458900059622723
CSGS5,q4_2020,1,robust_condition_cqr,0.368013468013468,0.1620678912493859,0.25262280729839626,0.484413513326534
CSGS5,q4_2020,1,robust_local_cqr,0.2535353535353535,0.12620810716896122,0.27361108751913865,0.4520230605689025
CSGS5,q4_2020,1,robust_risk_mondrian,0.27037037037037037,0.1277595048947362,0.26511048096459,0.46155001351062336
CSGS5,q4_2020,1,robust_rolling_cqr,0.368013468013468,0.15846723462381823,0.25297064804424507,0.48342431119219553
CSGS5,q4_2020,4,clean_condition_cqr,0.27344398340248965,0.09640257087510387,0.39782720642542485,0.5772508091460395
CSGS5,q4_2020,4,lgbm_condition_cqr,0.27759336099585064,0.08017726437564766,0.4172333706568955,0.5360388268735907
CSGS5,q4_2020,4,oracle_ramp_mondrian,0.03278008298755186,0.02644185526070093,0.3760050809412346,0.45462303587844016
CSGS5,q4_2020,4,persistence_condition_cqr,0.7236514522821577,0.37711557677203794,0.37016768389699295,1.0028704382331772
CSGS5,q4_2020,4,robust_condition_cqr,0.17178423236514528,0.08808758023294103,0.31730400985732576,0.4935077444086313
CSGS5,q4_2020,4,robust_local_cqr,0.11576763485477182,0.06564262612411641,0.3385076073361506,0.46855943780577675
CSGS5,q4_2020,4,robust_risk_mondrian,0.13029045643153525,0.07017469863203103,0.325037902640352,0.4830438796242964
CSGS5,q4_2020,4,robust_rolling_cqr,0.1904564315352697,0.08510257985520654,0.3160698198359523,0.4930183858758793
CSGS6,q1_2020,1,clean_condition_cqr,0.6021857923497268,0.1806078408993066,0.37492894017085293,0.7144235613110743
CSGS6,q1_2020,1,lgbm_condition_cqr,0.37814207650273224,0.10803064434419221,0.4049180145286476,0.5725467147447117
CSGS6,q1_2020,1,oracle_ramp_mondrian,0.061202185792349706,0.04637722338693691,0.2733345561091661,0.3782288294740223
CSGS6,q1_2020,1,persistence_condition_cqr,0.9,0.31217818332542396,0.3465537515145186,1.0820734075902525
CSGS6,q1_2020,1,robust_condition_cqr,0.37540983606557377,0.1860359386232071,0.1922093391550884,0.5188990267268404
CSGS6,q1_2020,1,robust_local_cqr,0.29890710382513663,0.16074674564032945,0.2144105592222143,0.47994377512153275
CSGS6,q1_2020,1,robust_risk_mondrian,0.3016393442622951,0.1685935519526158,0.20317039549610189,0.4943505621458689
CSGS6,q1_2020,1,robust_rolling_cqr,0.3699453551912568,0.1856019238817237,0.19638841774906018,0.5110945168899497
CSGS6,q1_2020,4,clean_condition_cqr,0.12280017338534899,0.059836466091342556,0.27952464399480853,0.43109400483950794
CSGS6,q1_2020,4,lgbm_condition_cqr,0.13753792804508025,0.060907299738130805,0.3343296793343867,0.4124992514031204
CSGS6,q1_2020,4,oracle_ramp_mondrian,0.029172084958820954,0.007449730787004649,0.19793809019540545,0.32308312781273424
CSGS6,q1_2020,4,persistence_condition_cqr,0.4090909090909091,0.18333121975160044,0.531714698654683,0.8252953463038292
CSGS6,q1_2020,4,robust_condition_cqr,0.06198347107438018,0.03890573783705359,0.1669859989761377,0.3316411894607906
CSGS6,q1_2020,4,robust_local_cqr,0.03057851239669429,0.033172665298212056,0.19673958783034226,0.31933623968696356
CSGS6,q1_2020,4,robust_risk_mondrian,0.04049586776859504,0.02580403873228083,0.1883086227249609,0.3279097641420184
CSGS6,q1_2020,4,robust_rolling_cqr,0.056198347107437985,0.038921679258598504,0.17168507561651786,0.3297458280599914
CSGS6,q2_2020,1,clean_condition_cqr,0.5652977412731006,0.1711365966698716,0.4029434000581755,0.6411338979964473
CSGS6,q2_2020,1,lgbm_condition_cqr,0.3989733059548255,0.11829676902057966,0.37297742838472836,0.5466778142131561
CSGS6,q2_2020,1,oracle_ramp_mondrian,0.012047967022671968,0.03422129575444601,0.3019589939219029,0.3493337055384241
CSGS6,q2_2020,1,persistence_condition_cqr,0.9,0.304437680614085,0.3660328519553423,0.9261632439736985
CSGS6,q2_2020,1,robust_condition_cqr,0.37433264887063655,0.16706426292909252,0.19492057202695162,0.44216375600719837
CSGS6,q2_2020,1,robust_local_cqr,0.23264887063655038,0.11837045552743067,0.22768920657282274,0.40175290573556416
CSGS6,q2_2020,1,robust_risk_mondrian,0.29630390143737173,0.12488786392619962,0.21878468089824493,0.40703223050125487
CSGS6,q2_2020,1,robust_rolling_cqr,0.36611909650924024,0.16788611833471262,0.19780706840223888,0.4385553823277079
CSGS6,q2_2020,4,clean_condition_cqr,0.2804945054945055,0.08379513343799058,0.3252558556165546,0.49140440652244005
CSGS6,q2_2020,4,lgbm_condition_cqr,0.15824175824175823,0.07610675039246466,0.3476117008761043,0.4364453731857287
CSGS6,q2_2020,4,oracle_ramp_mondrian,0.06071428571428572,0.03198587127158557,0.24188351549303913,0.3992627718283638
CSGS6,q2_2020,4,persistence_condition_cqr,0.38489010989010997,0.17298665620094192,0.5693468801004551,0.810723436413013
CSGS6,q2_2020,4,robust_condition_cqr,0.21181318681318684,0.09023940345368918,0.2051295964039666,0.4402579473360266
CSGS6,q2_2020,4,robust_local_cqr,0.12252747252747254,0.06165620094191523,0.24710860388971004,0.41187416322307335
CSGS6,q2_2020,4,robust_risk_mondrian,0.14587912087912092,0.06788461538461539,0.22295317762661515,0.4280989519970705
CSGS6,q2_2020,4,robust_rolling_cqr,0.18296703296703298,0.08787284144426999,0.2113356347058603,0.43455006304295096
CSGS6,q3_2020,1,clean_condition_cqr,0.5331658291457286,0.17108411078260324,0.35078093149032485,0.6372851450869133
CSGS6,q3_2020,1,lgbm_condition_cqr,0.34556113902847574,0.10848210054240207,0.3789729215019512,0.5375601716973168
CSGS6,q3_2020,1,oracle_ramp_mondrian,0.0413721413721414,0.012059016179619209,0.2910078316170296,0.3625828525627782
CSGS6,q3_2020,1,persistence_condition_cqr,0.9,0.31504922710952865,0.3413408723957391,0.8753227251257851
CSGS6,q3_2020,1,robust_condition_cqr,0.3974874371859297,0.18067934329240862,0.20872632022967977,0.4858105778257917
CSGS6,q3_2020,1,robust_local_cqr,0.22830820770519267,0.11668104271119346,0.2471628418056305,0.421679127582372
CSGS6,q3_2020,1,robust_risk_mondrian,0.27688442211055275,0.13196281286733547,0.2308816811845325,0.4405606170182807
CSGS6,q3_2020,1,robust_rolling_cqr,0.3723618090452262,0.17101287955559313,0.21979208667119976,0.46929811699679497
CSGS6,q3_2020,4,clean_condition_cqr,0.37486033519553075,0.11560136877989347,0.33052051669265925,0.5771113306651146
CSGS6,q3_2020,4,lgbm_condition_cqr,0.1723463687150838,0.07124281152920539,0.3561512844133985,0.47127037805950556
CSGS6,q3_2020,4,oracle_ramp_mondrian,0.06550657385924208,0.03618510933388638,0.3239887439071024,0.42385285407831386
CSGS6,q3_2020,4,persistence_condition_cqr,0.7924581005586593,0.3032827169935234,0.4935310524357848,1.0164165883584697
CSGS6,q3_2020,4,robust_condition_cqr,0.26592178770949726,0.1319590446192865,0.25477487099833607,0.49306863636029713
CSGS6,q3_2020,4,robust_local_cqr,0.13743016759776538,0.06290675619040212,0.2960129569303384,0.4352689794457745
CSGS6,q3_2020,4,robust_risk_mondrian,0.20446927374301682,0.10070458895557084,0.27235402937764064,0.4640504101080851
CSGS6,q3_2020,4,robust_rolling_cqr,0.19748603351955307,0.0931549123557445,0.28129781662819575,0.4646250009614995
CSGS6,q4_2020,1,clean_condition_cqr,0.5381578947368422,0.19433022922636103,0.33336541942241127,0.6745566843689665
CSGS6,q4_2020,1,lgbm_condition_cqr,0.3967105263157895,0.15203174483486653,0.34253155783512285,0.5942330434581041
CSGS6,q4_2020,1,oracle_ramp_mondrian,0.051315789473684204,0.04220423013120193,0.28112233254993774,0.35650569823311695
CSGS6,q4_2020,1,persistence_condition_cqr,0.8736842105263158,0.3621923540944051,0.3334445931040123,0.9594357764135989
CSGS6,q4_2020,1,robust_condition_cqr,0.37368421052631584,0.19750037701704115,0.20308309582452394,0.4791482962967004
CSGS6,q4_2020,1,robust_local_cqr,0.2980263157894737,0.16609862765797015,0.22383870740255882,0.44559969920334613
CSGS6,q4_2020,1,robust_risk_mondrian,0.268421052631579,0.1543498341125019,0.2262916875830426,0.4374243041054776
CSGS6,q4_2020,1,robust_rolling_cqr,0.37368421052631584,0.1992026089579249,0.19476416153073348,0.48883253816361927
CSGS6,q4_2020,4,clean_condition_cqr,0.07659574468085106,0.04818503930236158,0.32162406062765303,0.4233296217370254
CSGS6,q4_2020,4,lgbm_condition_cqr,0.09787234042553195,0.05663805707012505,0.3299746821816656,0.38704205896862487
CSGS6,q4_2020,4,oracle_ramp_mondrian,0.0,0.051369820602349514,0.270260568017556,0.33804862292000093
CSGS6,q4_2020,4,persistence_condition_cqr,0.674468085106383,0.32435387605565974,0.4689876531150688,0.981700689661045
CSGS6,q4_2020,4,robust_condition_cqr,0.043617021276595724,0.04384165534322917,0.22099555167073354,0.3347172871850567
CSGS6,q4_2020,4,robust_local_cqr,0.005319148936170248,0.04364944357488089,0.24426924755424279,0.33455950645621296
CSGS6,q4_2020,4,robust_risk_mondrian,0.009574468085106425,0.04036696537608144,0.24165743268346213,0.3362680735446822
CSGS6,q4_2020,4,robust_rolling_cqr,0.09148936170212774,0.05582010354495263,0.18704887077673668,0.33474843962902023
CSGS7,q1_2020,1,clean_condition_cqr,0.4719178082191781,0.1535747150475792,0.41979429416361463,0.7813951396549362
CSGS7,q1_2020,1,lgbm_condition_cqr,0.31952054794520546,0.1189211021645927,0.4268664526380621,0.6726991898441445
CSGS7,q1_2020,1,oracle_ramp_mondrian,0.042123287671232856,0.03798154344870856,0.34796329687466704,0.45698612187258814
CSGS7,q1_2020,1,persistence_condition_cqr,0.8297945205479452,0.2876694029070375,0.4041496840473524,1.0775538236284066
CSGS7,q1_2020,1,robust_condition_cqr,0.35376712328767124,0.17818414723413153,0.2512958561829588,0.6141525412940989
CSGS7,q1_2020,1,robust_local_cqr,0.19452054794520546,0.12185898776534562,0.30422819972085824,0.5183638653099114
CSGS7,q1_2020,1,robust_risk_mondrian,0.23219178082191783,0.1349890201819513,0.2951567810739893,0.5387019335410204
CSGS7,q1_2020,1,robust_rolling_cqr,0.3486301369863014,0.1766535083132908,0.25707750384091654,0.6049400960051694
CSGS7,q1_2020,4,clean_condition_cqr,0.0906614785992218,0.050458234719937954,0.38769165863463473,0.5398771079583942
CSGS7,q1_2020,4,lgbm_condition_cqr,0.08144329896907221,0.04562472716632885,0.3866341500569891,0.4496369163943063
CSGS7,q1_2020,4,oracle_ramp_mondrian,0.0258869306477455,0.023967644581198832,0.30489701153998316,0.38985360580566225
CSGS7,q1_2020,4,persistence_condition_cqr,0.2326460481099657,0.12056543328149986,0.5995788655753443,0.8541537396439096
CSGS7,q1_2020,4,robust_condition_cqr,0.06082474226804124,0.04367262633722911,0.253707101287615,0.3925421852891146
CSGS7,q1_2020,4,robust_local_cqr,0.02989690721649485,0.03903334882831949,0.28921534288064055,0.3777003593849409
CSGS7,q1_2020,4,robust_risk_mondrian,0.0374570446735395,0.030539626657353946,0.27878886834899874,0.3858221936092071
CSGS7,q1_2020,4,robust_rolling_cqr,0.07044673539518898,0.043882524408535926,0.249028419501334,0.3951183921266378
CSGS7,q2_2020,1,clean_condition_cqr,0.4584577114427861,0.15500673921230498,0.4113763060509951,0.6442571619124788
CSGS7,q2_2020,1,lgbm_condition_cqr,0.22711442786069658,0.10308358605379478,0.4365671204163778,0.5500110357558856
CSGS7,q2_2020,1,oracle_ramp_mondrian,0.008764940239043839,0.04724950942498661,0.3672777848427161,0.40592709109982206
CSGS7,q2_2020,1,persistence_condition_cqr,0.8925373134328358,0.3205123783473073,0.4093044753684169,0.964248087540566
CSGS7,q2_2020,1,robust_condition_cqr,0.2843283582089553,0.14304206061326835,0.2525146271221451,0.47630995351362665
CSGS7,q2_2020,1,robust_local_cqr,0.12388059701492538,0.08343402509365525,0.3015733729023749,0.42392541720927845
CSGS7,q2_2020,1,robust_risk_mondrian,0.14875621890547264,0.09190432300648153,0.2916231153826101,0.4315716301163731
CSGS7,q2_2020,1,robust_rolling_cqr,0.2768656716417911,0.14362123644724584,0.2546630457056583,0.47481197178189305
CSGS7,q2_2020,4,clean_condition_cqr,0.2402450518378888,0.09842326858601974,0.40259121165373807,0.5741950152734928
CSGS7,q2_2020,4,lgbm_condition_cqr,0.06682375117813388,0.05552814728201579,0.4151762350330916,0.47503790876309127
CSGS7,q2_2020,4,oracle_ramp_mondrian,0.0489161168708766,0.02903270042423701,0.31733502472324565,0.43449685481907546
CSGS7,q2_2020,4,persistence_condition_cqr,0.29585296889726675,0.14530429839025807,0.6113044239261882,0.8755943890367824
CSGS7,q2_2020,4,robust_condition_cqr,0.14033930254476912,0.0867083549106043,0.2869786562963391,0.4680515855412521
CSGS7,q2_2020,4,robust_local_cqr,0.05362865221489166,0.03385769152454029,0.3341124895762325,0.4364726521560157
CSGS7,q2_2020,4,robust_risk_mondrian,0.14222431668237512,0.05650093409712749,0.31046724131016046,0.45420485805467614
CSGS7,q2_2020,4,robust_rolling_cqr,0.15541941564561734,0.0884980102078878,0.2815348053440062,0.4754717691992786
CSGS7,q3_2020,1,clean_condition_cqr,0.43125,0.14643701334816464,0.38610422481469797,0.6527235754203928
CSGS7,q3_2020,1,lgbm_condition_cqr,0.23836206896551726,0.0979845661846496,0.40369107731550874,0.5785187056816252
CSGS7,q3_2020,1,oracle_ramp_mondrian,0.040086206896551735,0.026091490545050056,0.32906391269365537,0.4161596070096083
CSGS7,q3_2020,1,persistence_condition_cqr,0.6392241379310345,0.23954810901001117,0.39692225185309454,0.8807748295722082
CSGS7,q3_2020,1,robust_condition_cqr,0.2943965517241379,0.14567575083426026,0.25318950393433737,0.5167860190118674
CSGS7,q3_2020,1,robust_local_cqr,0.16724137931034488,0.09982132925472748,0.2990788714680065,0.4550642817715899
CSGS7,q3_2020,1,robust_risk_mondrian,0.18879310344827593,0.10886192992213573,0.285795411024422,0.4688821882430968
CSGS7,q3_2020,1,robust_rolling_cqr,0.2728448275862069,0.14253337041156838,0.26356834428323184,0.5062466299041211
CSGS7,q3_2020,4,clean_condition_cqr,0.27190900098911974,0.11637140115688674,0.3676131187215964,0.641726046058771
CSGS7,q3_2020,4,lgbm_condition_cqr,0.10079129574678536,0.04701002525632033,0.4116377762824457,0.4987249930716252
CSGS7,q3_2020,4,oracle_ramp_mondrian,0.03649851632047485,0.021046961990992274,0.3633583434335796,0.4783292392940135
CSGS7,q3_2020,4,persistence_condition_cqr,0.502373887240356,0.20922854546269484,0.5477368456765273,1.0059463803969035
CSGS7,q3_2020,4,robust_condition_cqr,0.20959446092977252,0.0987887390843433,0.30606010781817317,0.5423766414527851
CSGS7,q3_2020,4,robust_local_cqr,0.08991097922848668,0.06206136841676154,0.3574580739257784,0.48507298689138134
CSGS7,q3_2020,4,robust_risk_mondrian,0.13442136498516322,0.06975092721097254,0.33163729683164134,0.5136016446725757
CSGS7,q3_2020,4,robust_rolling_cqr,0.17200791295746787,0.09411519421284872,0.3184645061131509,0.5315597089409819
CSGS7,q4_2020,1,clean_condition_cqr,0.4440140845070423,0.1720676691729323,0.3633182597407908,0.720588790755756
CSGS7,q4_2020,1,lgbm_condition_cqr,0.3330985915492958,0.1432815312930213,0.37231474744113247,0.643369709678896
CSGS7,q4_2020,1,oracle_ramp_mondrian,0.03204225352112677,0.03322937625754526,0.331675056140789,0.4166189645296513
CSGS7,q4_2020,1,persistence_condition_cqr,0.5161971830985916,0.21392354124748497,0.3811395936681061,0.9312914694927235
CSGS7,q4_2020,1,robust_condition_cqr,0.34190140845070427,0.1752655406120936,0.2504737608882091,0.5294353009634577
CSGS7,q4_2020,1,robust_local_cqr,0.23450704225352115,0.1329844858625437,0.27319057000666885,0.48563777548607157
CSGS7,q4_2020,1,robust_risk_mondrian,0.21514084507042253,0.1237268346923647,0.2813344827047091,0.47593825962410624
CSGS7,q4_2020,1,robust_rolling_cqr,0.3242957746478874,0.1692769776554061,0.2496124232953568,0.5245267011349573
CSGS7,q4_2020,4,clean_condition_cqr,0.16387536514118795,0.08339911066099094,0.3556588648013677,0.5549821485329053
CSGS7,q4_2020,4,lgbm_condition_cqr,0.1526229170952479,0.08953028165473384,0.38059485876059507,0.4840312501977412
CSGS7,q4_2020,4,oracle_ramp_mondrian,0.0,0.033198357372942466,0.3418827165227778,0.4202022876088895
CSGS7,q4_2020,4,persistence_condition_cqr,0.5728334956183058,0.2620714920555814,0.4951914488814498,1.0713306104166975
CSGS7,q4_2020,4,robust_condition_cqr,0.0830574488802337,0.0588729884558997,0.2813358183010002,0.43381289920008326
CSGS7,q4_2020,4,robust_local_cqr,0.07818889970788712,0.05751670540339852,0.2971656269924024,0.4402503487203225
CSGS7,q4_2020,4,robust_risk_mondrian,0.06163583252190852,0.04309766724282673,0.3032048057675268,0.42231831150860505
CSGS7,q4_2020,4,robust_rolling_cqr,0.1054527750730283,0.06580133154469321,0.2676531637325805,0.4339319845847802
CSGS8,q1_2020,1,clean_condition_cqr,0.5397058823529413,0.1842092744270704,0.3369770569639843,0.5739449810034297
CSGS8,q1_2020,1,lgbm_condition_cqr,0.4073529411764706,0.1563698601803591,0.35811531064983254,0.5332700780807401
CSGS8,q1_2020,1,oracle_ramp_mondrian,0.16470588235294115,0.07615123686605445,0.1884438608991615,0.2649898463664078
CSGS8,q1_2020,1,persistence_condition_cqr,0.9,0.32401960784313727,0.33957612582903957,0.6119189518070497
CSGS8,q1_2020,1,robust_condition_cqr,0.5544117647058824,0.22305431455282534,0.15154381693189758,0.37202651962841704
CSGS8,q1_2020,1,robust_local_cqr,0.44411764705882356,0.1975932820385538,0.1607342918162629,0.32902706255781655
CSGS8,q1_2020,1,robust_risk_mondrian,0.4661764705882353,0.18757590800033097,0.16411750703234693,0.33043951565255697
CSGS8,q1_2020,1,robust_rolling_cqr,0.5617647058823529,0.20521097046413503,0.15739797657146634,0.360338226741934
CSGS8,q1_2020,4,clean_condition_cqr,0.3805194805194806,0.13908142754200328,0.3072726247861091,0.5625418544491672
CSGS8,q1_2020,4,lgbm_condition_cqr,0.3848484848484849,0.13624834072894149,0.34417642718612707,0.5670581850047386
CSGS8,q1_2020,4,oracle_ramp_mondrian,0.2333333333333334,0.10259794440019725,0.23551207063083485,0.3922704482551646
CSGS8,q1_2020,4,persistence_condition_cqr,0.7744588744588745,0.30907790582383826,0.4940696394275886,0.7434261611540525
CSGS8,q1_2020,4,robust_condition_cqr,0.4064935064935065,0.19674604077607832,0.19511708156782986,0.5242828184753898
CSGS8,q1_2020,4,robust_local_cqr,0.3761904761904762,0.17744854227958107,0.20126132413700132,0.4832814737110275
CSGS8,q1_2020,4,robust_risk_mondrian,0.3848484848484849,0.17668221640687226,0.1999512815853473,0.5140853403846819
CSGS8,q1_2020,4,robust_rolling_cqr,0.40216450216450217,0.1849416749291593,0.19867891882641373,0.5135360299413365
CSGS8,q2_2020,1,clean_condition_cqr,0.75,0.27616071428571426,0.2499382499314602,0.9257289076819573
CSGS8,q2_2020,1,lgbm_condition_cqr,0.7125,0.281625,0.27365483426839926,0.9819500057676294
CSGS8,q2_2020,1,oracle_ramp_mondrian,0.0050000000000000044,0.0465892857142857,0.20170892396218493,0.21543467859150106
CSGS8,q2_2020,1,persistence_condition_cqr,0.9,0.3262142857142857,0.2593750360565271,0.8560941930303005
CSGS8,q2_2020,1,robust_condition_cqr,0.25625,0.10230357142857142,0.13722231663688148,0.22285373164676256
CSGS8,q2_2020,1,robust_local_cqr,0.08125000000000004,0.05196428571428572,0.1605171690771282,0.19717516097646856
CSGS8,q2_2020,1,robust_risk_mondrian,0.14375000000000004,0.07385714285714286,0.1486378507795611,0.2100039075332883
CSGS8,q2_2020,1,robust_rolling_cqr,0.25,0.10401785714285716,0.13716264172620268,0.22342149455091
CSGS8,q2_2020,4,clean_condition_cqr,0.450561797752809,0.14819580594124776,0.2407396791840378,0.5186190965416027
CSGS8,q2_2020,4,lgbm_condition_cqr,0.2595505617977528,0.13911183217323742,0.27230248125886036,0.5665527658959104
CSGS8,q2_2020,4,oracle_ramp_mondrian,0.0,0.05357227686101792,0.23519679924252784,0.25111634483169126
CSGS8,q2_2020,4,persistence_condition_cqr,0.9,0.3922044774737418,0.37614707463416686,1.2090501043752961
CSGS8,q2_2020,4,robust_condition_cqr,0.12471910112359552,0.06023152267118627,0.16583204352573505,0.23553716980197717
CSGS8,q2_2020,4,robust_local_cqr,0.006741573033707926,0.046578247094392476,0.19858500667595508,0.21800141802189676
CSGS8,q2_2020,4,robust_risk_mondrian,0.07415730337078652,0.0467111381285754,0.17418696602926823,0.23287195250640366
CSGS8,q2_2020,4,robust_rolling_cqr,0.13595505617977532,0.057741979637599194,0.15911132004242518,0.23928478170600714
CSGS8,q3_2020,1,clean_condition_cqr,0.4691056910569106,0.2166069519255987,0.2787495111630502,0.7114632382809329
CSGS8,q3_2020,1,lgbm_condition_cqr,0.4772357723577236,0.23118057657003366,0.30789678638364354,0.7478194748429143
CSGS8,q3_2020,1,oracle_ramp_mondrian,0.005691056910569148,0.013051705703161253,0.1562312867331968,0.18283473109133191
CSGS8,q3_2020,1,persistence_condition_cqr,0.9,0.34458936028566245,0.27053175339182667,0.8706371583940443
CSGS8,q3_2020,1,robust_condition_cqr,0.2943089430894309,0.12710896499252122,0.12290278481425373,0.21411137255147503
CSGS8,q3_2020,1,robust_local_cqr,0.10731707317073169,0.06370614698702817,0.1420421630726279,0.18227087869459058
CSGS8,q3_2020,1,robust_risk_mondrian,0.2170731707317073,0.10402872763218944,0.1301281509895787,0.20309633440665276
CSGS8,q3_2020,1,robust_rolling_cqr,0.2617886178861789,0.1234442321381739,0.12523709815074108,0.21181963891138422
CSGS8,q3_2020,4,clean_condition_cqr,0.2846153846153846,0.11206706114398421,0.24351566471131356,0.459444115408982
CSGS8,q3_2020,4,lgbm_condition_cqr,0.18402366863905328,0.0892599818753665,0.296766014244695,0.47532090614666966
CSGS8,q3_2020,4,oracle_ramp_mondrian,0.005405405405405461,0.013708833093448447,0.15526491167337067,0.19071715206634882
CSGS8,q3_2020,4,persistence_condition_cqr,0.9,0.3912507063276294,0.385941499371316,1.2529937789990755
CSGS8,q3_2020,4,robust_condition_cqr,0.09526627218934913,0.039821525667679526,0.13582435521777766,0.19482094039571235
CSGS8,q3_2020,4,robust_local_cqr,0.01834319526627226,0.027414041260195088,0.1540041628471592,0.18339917938200317
CSGS8,q3_2020,4,robust_risk_mondrian,0.04792899408284024,0.022221546990777753,0.150238414980285,0.19038089137589015
CSGS8,q3_2020,4,robust_rolling_cqr,0.09230769230769231,0.03864385095154327,0.13790622929589522,0.19502120701976267
CSGS8,q4_2020,1,clean_condition_cqr,0.4303867403314917,0.17952061104911562,0.2965372200853662,0.47760134212282734
CSGS8,q4_2020,1,lgbm_condition_cqr,0.46353591160220997,0.18674043284672792,0.341274394007657,0.5449572065585407
CSGS8,q4_2020,1,oracle_ramp_mondrian,0.0,0.017708646900411573,0.146671675858338,0.1693383551722934
CSGS8,q4_2020,1,persistence_condition_cqr,0.9,0.3409535682539876,0.29652067558736694,0.7244644215123334
CSGS8,q4_2020,1,robust_condition_cqr,0.325414364640884,0.15539548220155255,0.11187490873925716,0.20983143078440403
CSGS8,q4_2020,1,robust_local_cqr,0.22596685082872925,0.11634440839584403,0.12639802501469538,0.1850642500768346
CSGS8,q4_2020,1,robust_risk_mondrian,0.2977900552486188,0.1372543534512903,0.11879328338589616,0.1966200690644048
CSGS8,q4_2020,1,robust_rolling_cqr,0.33093922651933705,0.15304516075412183,0.11164327804350675,0.2103897687320619
CSGS8,q4_2020,4,clean_condition_cqr,0.15344352617079893,0.06675431483174887,0.2628570502557335,0.3426074316989597
CSGS8,q4_2020,4,lgbm_condition_cqr,0.23057851239669425,0.08886362198565653,0.32424424518763717,0.39547488044810447
CSGS8,q4_2020,4,oracle_ramp_mondrian,0.0,0.028236051921760784,0.15132631975733019,0.1755491321265487
CSGS8,q4_2020,4,persistence_condition_cqr,0.9,0.3629749765638929,0.4205522483997314,0.98787653727174
CSGS8,q4_2020,4,robust_condition_cqr,0.08457300275482094,0.04204581399495043,0.129927640794826,0.17720827111833898
CSGS8,q4_2020,4,robust_local_cqr,0.010192837465564764,0.025902678330083917,0.14207893130176075,0.16997485895808545
CSGS8,q4_2020,4,robust_risk_mondrian,0.03498622589531686,0.028523036399293756,0.1386026535132843,0.17436930368973735
CSGS8,q4_2020,4,robust_rolling_cqr,0.08457300275482094,0.04394773316769899,0.12887617557450395,0.1775478463488986
