station,horizon_steps,horizon_minutes,method,groups,folds,worst_group_undercoverage,q90_group_undercoverage,mean_group_absolute_coverage_error,mean_normalized_width,mean_normalized_interval_score,clean_normalized_interval_score,mean_mae
CSGS2,1,15,clean_condition_cqr,40,4,0.6884615384615385,0.6483679525222552,0.22787678077454773,0.2975825979351381,0.6863205198573169,0.5750992170977003,16.17813042740206
CSGS2,1,15,lgbm_condition_cqr,40,4,0.5994535519125683,0.5381860535998084,0.20268892041453873,0.308996256915085,0.6191112238894938,0.4715892310025833,16.833449805071975
CSGS2,1,15,oracle_ramp_mondrian,40,4,0.0765644389292679,0.03569390550102717,0.026917827591189714,0.2504104173067981,0.322975568360017,0.28984983320963886,9.070945842633895
CSGS2,1,15,persistence_condition_cqr,40,4,0.9,0.9,0.3201040195560987,0.3000123311022066,0.9302013759325959,0.9756559647833278,16.886389694969928
CSGS2,1,15,robust_condition_cqr,40,4,0.5174863387978142,0.4846784966957097,0.2142686708690294,0.17035881615242943,0.460625207014221,0.4717575601052101,9.070945842633895
CSGS2,1,15,robust_local_cqr,40,4,0.3777448071216617,0.3464023686674069,0.15488740084681757,0.1994037012696225,0.3995457883771699,0.3915539820658991,9.070945842633895
CSGS2,1,15,robust_risk_mondrian,40,4,0.4400593471810089,0.3973417804193064,0.1827756863956561,0.18236607980594682,0.4284936521389297,0.42312416010091625,9.070945842633895
CSGS2,1,15,robust_rolling_cqr,40,4,0.5174863387978142,0.47363273225291036,0.20581536188449565,0.17273982268848936,0.4569593642350996,0.4662510465240525,9.070945842633895
CSGS2,4,60,clean_condition_cqr,40,4,0.3488330341113106,0.2897614013893085,0.10959088561871302,0.30695948047336574,0.5655941663866783,0.494869068221658,13.052385962103983
CSGS2,4,60,lgbm_condition_cqr,40,4,0.312262156448203,0.26947935368043097,0.09643802140732327,0.31674715222887,0.4849446515542398,0.4213209811752539,13.886430177782103
CSGS2,4,60,oracle_ramp_mondrian,40,4,0.07235188509874324,0.0633752244165171,0.031384587842895925,0.2671832957356946,0.37978096256377797,0.3663343653129897,9.040951793417124
CSGS2,4,60,persistence_condition_cqr,40,4,0.9,0.9,0.32098017294725356,0.4579191609554121,1.0032765909286725,1.0124734513433058,26.202219628980004
CSGS2,4,60,robust_condition_cqr,40,4,0.2974630021141649,0.24318030806402902,0.1034738701404097,0.21277043418124375,0.4285666983344112,0.4244723245050404,9.040951793417124
CSGS2,4,60,robust_local_cqr,40,4,0.17484143763213533,0.13777598961516133,0.0655247345998401,0.24129317418706409,0.39122127788213074,0.3856694389025476,9.040951793417124
CSGS2,4,60,robust_risk_mondrian,40,4,0.17289048473967683,0.14757630161579893,0.06992618463099072,0.23547730419293647,0.4080041019703679,0.39320646053929115,9.040951793417124
CSGS2,4,60,robust_rolling_cqr,40,4,0.26152219873150107,0.20165660192590176,0.09497242711841283,0.21668208085912072,0.4220755028071908,0.41718516438191455,9.040951793417124
CSGS5,1,15,clean_condition_cqr,40,4,0.5796407185628742,0.4988384350086478,0.1646717363743507,0.3700148881793579,0.6789523532565609,0.5961199575658633,15.901485680750985
CSGS5,1,15,lgbm_condition_cqr,40,4,0.39401197604790417,0.33287331266054676,0.12154124146436578,0.3863646376657416,0.5952966908057701,0.4848372781557435,16.474259332641363
CSGS5,1,15,oracle_ramp_mondrian,40,4,0.22947805456702253,0.01824921816025023,0.021539215076286297,0.3413172036927767,0.42474952222221296,0.38215957120047117,9.675987583383769
CSGS5,1,15,persistence_condition_cqr,40,4,0.9,0.9,0.3091798769129946,0.19274350398994985,0.9536527850524769,0.953652785052477,11.302850880344499
CSGS5,1,15,robust_condition_cqr,40,4,0.36960486322188457,0.3410925868627487,0.1566713239177246,0.26629234176342426,0.5173579521216639,0.5040911781830796,9.675987583383769
CSGS5,1,15,robust_local_cqr,40,4,0.2535353535353535,0.20779350390128842,0.11408023953907245,0.29383366679402945,0.4761370850625464,0.4510890200512583,9.675987583383769
CSGS5,1,15,robust_risk_mondrian,40,4,0.31317365269461084,0.27086435032670225,0.1316692919868331,0.27962090693493574,0.4953892140403209,0.46992357126163486,9.675987583383769
CSGS5,1,15,robust_rolling_cqr,40,4,0.368013468013468,0.3257323736365653,0.1472460539884483,0.27436361069215653,0.5059465339924106,0.49941717755437937,9.675987583383769
CSGS5,4,60,clean_condition_cqr,40,4,0.3142640364188164,0.27215102817450315,0.10949584641747241,0.40755528150209896,0.6803897179824904,0.6217836288026513,15.092169355612048
CSGS5,4,60,lgbm_condition_cqr,40,4,0.3659300184162063,0.23558759924501207,0.08971720069895725,0.4264961942850604,0.6132248222065663,0.5523559544005039,16.43549883176494
CSGS5,4,60,oracle_ramp_mondrian,40,4,0.21975138121546967,0.03341782054515027,0.02684902607828025,0.4117189435892721,0.5178199976162532,0.48238202783251466,11.128290856529308
CSGS5,4,60,persistence_condition_cqr,40,4,0.9,0.7236514522821577,0.3322094375446687,0.38202454954404,1.0343670668781164,1.0343670668781164,19.58412352513623
CSGS5,4,60,robust_condition_cqr,40,4,0.2065250379362671,0.177857962825123,0.09197949376058853,0.3477930298106838,0.5665053129319909,0.541302555126284,11.128290856529308
CSGS5,4,60,robust_local_cqr,40,4,0.1579666160849773,0.12959028831562977,0.06905526626394609,0.3666766578271422,0.5370259914687573,0.5127145355878018,11.128290856529308
CSGS5,4,60,robust_risk_mondrian,40,4,0.1665745856353591,0.1397629667168645,0.07309004522176012,0.35982911704885867,0.5501613058784065,0.5241834023186597,11.128290856529308
CSGS5,4,60,robust_rolling_cqr,40,4,0.1941176470588235,0.183763277693475,0.07959715259869002,0.35077061773055923,0.5576312359592316,0.5417779718738551,11.128290856529308
CSGS6,1,15,clean_condition_cqr,40,4,0.6021857923497268,0.5406665405814332,0.17928969439453563,0.3655046727854411,0.6668498221908503,0.6142588516021179,4.668572504830572
CSGS6,1,15,lgbm_condition_cqr,40,4,0.3989733059548255,0.3785824889756623,0.12171031468551012,0.37484998056261254,0.5627544360283222,0.4783375943661198,5.017819403804536
CSGS6,1,15,oracle_ramp_mondrian,40,4,0.061202185792349706,0.04535519125683067,0.03371544136305101,0.2868559285495091,0.3616627714520854,0.3406895022034816,2.735877143225571
CSGS6,1,15,persistence_condition_cqr,40,4,0.9,0.9,0.32346436128586065,0.3468430172424032,0.9607487882758337,1.0129387576883881,5.137275328526331
CSGS6,1,15,robust_condition_cqr,40,4,0.3974874371859297,0.37371947456581156,0.18281998046543735,0.19973483180906096,0.48150541421413273,0.48374753807577836,2.735877143225571
CSGS6,1,15,robust_local_cqr,40,4,0.29890710382513663,0.2664473684210527,0.14047421788423092,0.22827532875080658,0.43724387691070377,0.4341807981514446,2.735877143225571
CSGS6,1,15,robust_risk_mondrian,40,4,0.3016393442622951,0.29126973440603227,0.1449485157146632,0.21978211129048048,0.4448419284427206,0.43625241776807233,2.735877143225571
CSGS6,1,15,robust_rolling_cqr,40,4,0.37368421052631584,0.36622849833372606,0.18092588268248858,0.20218793358830806,0.476945138594518,0.47950553472767843,2.735877143225571
CSGS6,4,60,clean_condition_cqr,40,4,0.37486033519553075,0.20769691202652105,0.07685450190289704,0.31423126923291883,0.480734840941022,0.46374374095018833,3.251584746919047
CSGS6,4,60,lgbm_condition_cqr,40,4,0.1723463687150838,0.13919622315266017,0.06622372968248148,0.34201683670138877,0.42681426540424494,0.38215102499976045,3.5525975447858515
CSGS6,4,60,oracle_ramp_mondrian,40,4,0.06550657385924208,0.05976411446249034,0.03174763299870653,0.2585177294032758,0.3710618441598532,0.36333351859167373,2.343516026838003
CSGS6,4,60,persistence_condition_cqr,40,4,0.7924581005586593,0.674468085106383,0.24598861725043136,0.515895071076498,0.9085340151840893,0.8717665039047577,7.684628174098174
CSGS6,4,60,robust_condition_cqr,40,4,0.26592178770949726,0.21773743016759783,0.07623646031331462,0.2119715045122935,0.3999212650855427,0.40053548156406604,2.343516026838003
CSGS6,4,60,robust_local_cqr,40,4,0.13743016759776538,0.10963687150837989,0.05034626650135258,0.2460325990511584,0.3752597222030061,0.37359207366838265,2.343516026838003
CSGS6,4,60,robust_risk_mondrian,40,4,0.20446927374301682,0.15279329608938552,0.05869005211213714,0.23131831560316968,0.38908179994796405,0.3825871510012988,2.343516026838003
CSGS6,4,60,robust_rolling_cqr,40,4,0.19748603351955307,0.1637592854073301,0.0689423841508914,0.21284184943182766,0.39091733292336556,0.3920847976819357,2.343516026838003
CSGS7,1,15,clean_condition_cqr,40,4,0.4719178082191781,0.44545844720061667,0.15677153419524528,0.3951482711925246,0.6997411669358911,0.643183848386025,4.2977787078011565
CSGS7,1,15,lgbm_condition_cqr,40,4,0.3330985915492958,0.2957191780821918,0.1158176964240146,0.4098598494527703,0.6111496602401378,0.49454244073309184,4.4753951157578395
CSGS7,1,15,oracle_ramp_mondrian,40,4,0.042123287671232856,0.03236542542928808,0.036137979919072624,0.34399501263795684,0.4239229461279175,0.406815477602055,2.724364366683095
CSGS7,1,15,persistence_condition_cqr,40,4,0.8925373134328358,0.8297945205479452,0.26541335787796017,0.3978790012342425,0.963467052558476,1.0172940984079162,4.610824339023496
CSGS7,1,15,robust_condition_cqr,40,4,0.35376712328767124,0.32431265676249277,0.16054187482343843,0.2518684370319126,0.5341709536957626,0.5384493470900829,2.724364366683095
CSGS7,1,15,robust_local_cqr,40,4,0.23450704225352115,0.1883561643835617,0.109524706994068,0.2945177535244771,0.4707478349442128,0.4686164937465142,2.724364366683095
CSGS7,1,15,robust_risk_mondrian,40,4,0.23219178082191783,0.20880281690140845,0.1148705269507333,0.2884774475464327,0.47877350288114917,0.4745190711279799,2.724364366683095
CSGS7,1,15,robust_rolling_cqr,40,4,0.3486301369863014,0.32099170364653684,0.1580212732068778,0.25623032928129086,0.5276313497065352,0.5328766752895497,2.724364366683095
CSGS7,4,60,clean_condition_cqr,40,4,0.27190900098911974,0.22582469368520267,0.08716300378095884,0.3783887134528342,0.5776950794558908,0.5259168756515558,3.323931488612138
CSGS7,4,60,lgbm_condition_cqr,40,4,0.1526229170952479,0.10174429859664433,0.059423295339849705,0.3985107550332804,0.47685776710669103,0.43051662800271645,3.4950364883072202
CSGS7,4,60,oracle_ramp_mondrian,40,4,0.0489161168708766,0.0366092678929514,0.026811416092342645,0.33186827405489655,0.43072049688191016,0.4242272802906574,2.524862430358375
CSGS7,4,60,persistence_condition_cqr,40,4,0.5728334956183058,0.502373887240356,0.18429244229750852,0.5634528960148774,0.9517562798735734,0.9392207619402502,6.6902051691461555
CSGS7,4,60,robust_condition_cqr,40,4,0.20959446092977252,0.16003956478733933,0.0720106771970191,0.28202042092578183,0.4591958278708087,0.4563005401756619,2.524862430358375
CSGS7,4,60,robust_local_cqr,40,4,0.08991097922848668,0.07876763584985806,0.04811727854325496,0.31948788334376343,0.434874086788165,0.431245184605454,2.524862430358375
CSGS7,4,60,robust_risk_mondrian,40,4,0.14222431668237512,0.116815034619189,0.04997228880207018,0.3060245530645818,0.443986751961266,0.4347504604380682,2.524862430358375
CSGS7,4,60,robust_rolling_cqr,40,4,0.17200791295746787,0.15372290292177193,0.07307426509349142,0.2791702236727679,0.45902046371291955,0.454937587796564,2.524862430358375
CSGS8,1,15,clean_condition_cqr,40,4,0.75,0.47616571018651377,0.21412438792187477,0.29055050953596523,0.6721846172722868,0.28323871468931644,4.131148846598731
CSGS8,1,15,lgbm_condition_cqr,40,4,0.7125,0.46969512195121954,0.21397896739928016,0.320235331327383,0.7019991913124561,0.30629699903697305,4.1117934376738186
CSGS8,1,15,oracle_ramp_mondrian,40,4,0.16470588235294115,0.09452717795979156,0.038375218795978244,0.17326393686322034,0.20814940280538355,0.19274855638239685,1.3650226702110535
CSGS8,1,15,persistence_condition_cqr,40,4,0.9,0.9,0.33394420552426823,0.29150089771619003,0.7657786811859321,0.6839031436793516,3.6079113064001183
CSGS8,1,15,robust_condition_cqr,40,4,0.5544117647058824,0.3336082222944428,0.15196558329386764,0.13088595678057247,0.25470576365276465,0.24167167129216233,1.3650226702110535
CSGS8,1,15,robust_local_cqr,40,4,0.44411764705882356,0.2522058823529414,0.10740203078392793,0.1474229122451786,0.22338433807642755,0.20799447507551624,1.3650226702110535
CSGS8,1,15,robust_risk_mondrian,40,4,0.4661764705882353,0.30359928501787464,0.1256790329852384,0.14041919804684572,0.2350399566642257,0.2182475439987691,1.3650226702110535
CSGS8,1,15,robust_rolling_cqr,40,4,0.5617647058823529,0.3363747156321093,0.14642955512482198,0.13286024862297924,0.25149228223407255,0.23852618409098875,1.3650226702110535
CSGS8,4,60,clean_condition_cqr,40,4,0.450561797752809,0.2937728937728939,0.11652465236474603,0.2635962547342985,0.47080312452467793,0.27634433266627273,2.9354191279806434
CSGS8,4,60,lgbm_condition_cqr,40,4,0.3848484848484849,0.2485480811323508,0.11337094419080047,0.3093722919693299,0.5011016843738558,0.31259685107252233,2.984387909632958
CSGS8,4,60,oracle_ramp_mondrian,40,4,0.2333333333333334,0.10649350649350664,0.049528776569106106,0.1943250253260159,0.25241326931993835,0.23154948351460958,1.439204841839937
CSGS8,4,60,persistence_condition_cqr,40,4,0.9,0.9,0.3638770165472756,0.41917761545820065,1.048336645450041,0.9696120901006897,6.024722164927519
CSGS8,4,60,robust_condition_cqr,40,4,0.4064935064935065,0.3129870129870131,0.08471122577747363,0.15667528027654215,0.2829622999478546,0.26042052066099863,1.439204841839937
CSGS8,4,60,robust_local_cqr,40,4,0.3761904761904762,0.2670995670995673,0.06933587724106313,0.1739823562404691,0.2636642325182532,0.24233756807400547,1.439204841839937
CSGS8,4,60,robust_risk_mondrian,40,4,0.3848484848484849,0.28658008658008666,0.06853448448137979,0.1657448290270462,0.27792687198917826,0.25175349862068624,1.439204841839937
CSGS8,4,60,robust_rolling_cqr,40,4,0.40216450216450217,0.2809523809523811,0.08131880967150018,0.15614316093480954,0.28134746625400125,0.25779020479294734,1.439204841839937
