fold,horizon_steps,strategy,condition,n,qhat,mean_score
q1_2020,1,persistence,clean,5888,3.755533,1.394137143682065
q1_2020,1,persistence,combined_outage,5888,25.507465,9.515775274966032
q1_2020,1,persistence,irradiance_outage,5888,3.755533,1.394137143682065
q1_2020,1,persistence,recent_power_outage,5888,25.507465,9.515775274966032
q1_2020,1,persistence,weather_outage,5888,3.755533,1.394137143682065
q1_2020,1,lgbm,clean,5888,0.0155342494191594,0.1398738006961571
q1_2020,1,lgbm,combined_outage,5888,16.52298100368791,7.713039081729148
q1_2020,1,lgbm,irradiance_outage,5888,1.5262523650677178,0.6529971084958739
q1_2020,1,lgbm,recent_power_outage,5888,14.22538690893738,4.417546150230904
q1_2020,1,lgbm,weather_outage,5888,0.0377601689742048,0.1431911404578253
q1_2020,1,clean,clean,5888,0.0,0.1214787022669577
q1_2020,1,clean,combined_outage,5888,18.37129048125,7.52918761525918
q1_2020,1,clean,irradiance_outage,5888,0.0662192741071428,0.1076985334359853
q1_2020,1,clean,recent_power_outage,5888,18.316420538333333,4.707913199026128
q1_2020,1,clean,weather_outage,5888,0.0,0.1287064672669524
q1_2020,1,robust,clean,5888,0.0,0.0888833399320491
q1_2020,1,robust,combined_outage,5888,0.2136917020296643,0.2986154330228995
q1_2020,1,robust,irradiance_outage,5888,0.0,0.0958241125798614
q1_2020,1,robust,recent_power_outage,5888,0.0,0.1729050800207496
q1_2020,1,robust,weather_outage,5888,0.0,0.0906508805741646
q1_2020,4,persistence,clean,5888,13.418333,4.634929108016305
q1_2020,4,persistence,combined_outage,5888,30.636534,12.290748514436142
q1_2020,4,persistence,irradiance_outage,5888,13.418333,4.634929108016305
q1_2020,4,persistence,recent_power_outage,5888,30.636534,12.290748514436142
q1_2020,4,persistence,weather_outage,5888,13.418333,4.634929108016305
q1_2020,4,lgbm,clean,5888,0.5266488747590192,0.2759720509824821
q1_2020,4,lgbm,combined_outage,5888,6.144509684282687,2.3097407452174177
q1_2020,4,lgbm,irradiance_outage,5888,4.311282181210685,1.1437102433449702
q1_2020,4,lgbm,recent_power_outage,5888,3.5281860476702605,0.9464157531099852
q1_2020,4,lgbm,weather_outage,5888,0.5941997368906128,0.2858090431531641
q1_2020,4,clean,clean,5888,0.6325533624999995,0.3850896759860337
q1_2020,4,clean,combined_outage,5888,11.03179576818182,2.8547157724447025
q1_2020,4,clean,irradiance_outage,5888,0.2036246121212119,0.2919750590182435
q1_2020,4,clean,recent_power_outage,5888,11.45972074404762,2.6246229529338705
q1_2020,4,clean,weather_outage,5888,0.8312949954545452,0.3958022896063646
q1_2020,4,robust,clean,5888,0.3099699882261202,0.3159013869734772
q1_2020,4,robust,combined_outage,5888,1.3571261722222214,0.5404074334527943
q1_2020,4,robust,irradiance_outage,5888,0.5730994641666651,0.3361078663607776
q1_2020,4,robust,recent_power_outage,5888,0.2423651928163259,0.3938047913234873
q1_2020,4,robust,weather_outage,5888,0.4708743545212766,0.3240847070676262
q2_2020,1,persistence,clean,5824,3.640933,1.4469960789835163
q2_2020,1,persistence,combined_outage,5824,25.463533,9.977415348042582
q2_2020,1,persistence,irradiance_outage,5824,3.640933,1.4469960789835163
q2_2020,1,persistence,recent_power_outage,5824,25.463533,9.977415348042582
q2_2020,1,persistence,weather_outage,5824,3.640933,1.4469960789835163
q2_2020,1,lgbm,clean,5824,0.0,0.082645948217831
q2_2020,1,lgbm,combined_outage,5824,20.7905246946094,8.648719265231536
q2_2020,1,lgbm,irradiance_outage,5824,0.9872557152501216,0.3052924546241419
q2_2020,1,lgbm,recent_power_outage,5824,17.636294741613913,5.364038268688545
q2_2020,1,lgbm,weather_outage,5824,0.0,0.0862822470005717
q2_2020,1,clean,clean,5824,0.0,0.1128044814696758
q2_2020,1,clean,combined_outage,5824,20.35621788571429,7.417070059475014
q2_2020,1,clean,irradiance_outage,5824,0.0,0.1015846844484403
q2_2020,1,clean,recent_power_outage,5824,21.597346814646464,5.627715741926426
q2_2020,1,clean,weather_outage,5824,0.0,0.1159458135237888
q2_2020,1,robust,clean,5824,0.0,0.0782752602105112
q2_2020,1,robust,combined_outage,5824,0.2434235166666667,0.3473930052613403
q2_2020,1,robust,irradiance_outage,5824,0.0,0.0783304483592089
q2_2020,1,robust,recent_power_outage,5824,0.0056246899999998,0.2931594325935295
q2_2020,1,robust,weather_outage,5824,0.0,0.0739692909572277
q2_2020,4,persistence,clean,5824,13.144599,4.911163617445055
q2_2020,4,persistence,combined_outage,5824,30.916000000000004,12.805198456559063
q2_2020,4,persistence,irradiance_outage,5824,13.144599,4.911163617445055
q2_2020,4,persistence,recent_power_outage,5824,30.916000000000004,12.805198456559063
q2_2020,4,persistence,weather_outage,5824,13.144599,4.911163617445055
q2_2020,4,lgbm,clean,5824,8.402177624518719e-07,0.1375474986057221
q2_2020,4,lgbm,combined_outage,5824,7.348995058378494,2.8116844408863795
q2_2020,4,lgbm,irradiance_outage,5824,0.663519930910816,0.2422327826572214
q2_2020,4,lgbm,recent_power_outage,5824,4.560895226176818,1.0286701954212174
q2_2020,4,lgbm,weather_outage,5824,0.0001506966689408,0.1472378075623453
q2_2020,4,clean,clean,5824,0.1589085909090926,0.3163386828244243
q2_2020,4,clean,combined_outage,5824,13.709886488333332,3.577567048608015
q2_2020,4,clean,irradiance_outage,5824,0.3426840866666668,0.334209355972425
q2_2020,4,clean,recent_power_outage,5824,12.303308757500004,2.9402978592677687
q2_2020,4,clean,weather_outage,5824,0.1376141937500001,0.3216347674173178
q2_2020,4,robust,clean,5824,0.0544181670087979,0.2746484135140147
q2_2020,4,robust,combined_outage,5824,0.8403090917792753,0.4856776089271815
q2_2020,4,robust,irradiance_outage,5824,0.1488069685167445,0.3012070494671754
q2_2020,4,robust,recent_power_outage,5824,0.3419635996606338,0.3504105097277148
q2_2020,4,robust,weather_outage,5824,0.0007767741935483,0.2594713771557074
q3_2020,1,persistence,clean,5824,3.555333000000001,1.6856740441277476
q3_2020,1,persistence,combined_outage,5824,21.063931,9.27899715212912
q3_2020,1,persistence,irradiance_outage,5824,3.555333000000001,1.6856740441277476
q3_2020,1,persistence,recent_power_outage,5824,21.063931,9.27899715212912
q3_2020,1,persistence,weather_outage,5824,3.555333000000001,1.6856740441277476
q3_2020,1,lgbm,clean,5824,0.0332049261478932,0.1411866746689411
q3_2020,1,lgbm,combined_outage,5824,20.609294539542976,7.611000029268023
q3_2020,1,lgbm,irradiance_outage,5824,0.5767258230320772,0.2316362076940308
q3_2020,1,lgbm,recent_power_outage,5824,19.17131257279047,6.282545688929743
q3_2020,1,lgbm,weather_outage,5824,0.0329696815644384,0.1423429573645038
q3_2020,1,clean,clean,5824,0.0,0.1794306564312456
q3_2020,1,clean,combined_outage,5824,21.21847705,7.175786109933737
q3_2020,1,clean,irradiance_outage,5824,6.665000000000002e-05,0.1425578482906868
q3_2020,1,clean,recent_power_outage,5824,22.56740312666667,6.00858407533995
q3_2020,1,clean,weather_outage,5824,0.0,0.1806073823727457
q3_2020,1,robust,clean,5824,0.0,0.1227251961664112
q3_2020,1,robust,combined_outage,5824,1.365884880676333,0.4488951201854786
q3_2020,1,robust,irradiance_outage,5824,0.0,0.1323961012489181
q3_2020,1,robust,recent_power_outage,5824,0.4087481631578917,0.2956803036401872
q3_2020,1,robust,weather_outage,5824,0.0,0.1208760834329452
q3_2020,4,persistence,clean,5824,10.889665,4.874303059237637
q3_2020,4,persistence,combined_outage,5824,25.890532,11.878116004464284
q3_2020,4,persistence,irradiance_outage,5824,10.889665,4.874303059237637
q3_2020,4,persistence,recent_power_outage,5824,25.890532,11.878116004464284
q3_2020,4,persistence,weather_outage,5824,10.889665,4.874303059237637
q3_2020,4,lgbm,clean,5824,0.0948692895534186,0.1790197827654263
q3_2020,4,lgbm,combined_outage,5824,5.169522715189551,1.7869033765206768
q3_2020,4,lgbm,irradiance_outage,5824,0.9992812254936848,0.3170428911607892
q3_2020,4,lgbm,recent_power_outage,5824,2.829613547407491,0.7982097568621644
q3_2020,4,lgbm,weather_outage,5824,0.0009037352791174,0.1604443282465976
q3_2020,4,clean,clean,5824,0.4402441966666686,0.3804585913292369
q3_2020,4,clean,combined_outage,5824,15.008134896666672,3.703688621636866
q3_2020,4,clean,irradiance_outage,5824,0.7814471400000009,0.3610319682964586
q3_2020,4,clean,recent_power_outage,5824,13.29546147857143,2.8050142950622234
q3_2020,4,clean,weather_outage,5824,0.4138459730769206,0.3806547455349064
q3_2020,4,robust,clean,5824,0.3185075017543894,0.3131072722191274
q3_2020,4,robust,combined_outage,5824,2.069232054166669,0.645878125197828
q3_2020,4,robust,irradiance_outage,5824,0.4620805468421061,0.3362644925546845
q3_2020,4,robust,recent_power_outage,5824,1.055204372212721,0.4642390752634184
q3_2020,4,robust,weather_outage,5824,0.2556140442265795,0.3048731322977366
q4_2020,1,persistence,clean,5888,4.089998000000001,1.843041489130435
q4_2020,1,persistence,combined_outage,5888,21.702532,9.779230168308423
q4_2020,1,persistence,irradiance_outage,5888,4.089998000000001,1.843041489130435
q4_2020,1,persistence,recent_power_outage,5888,21.702532,9.779230168308423
q4_2020,1,persistence,weather_outage,5888,4.089998000000001,1.843041489130435
q4_2020,1,lgbm,clean,5888,0.011265941011783,0.1256755357332583
q4_2020,1,lgbm,combined_outage,5888,20.08775386672819,8.451626215248421
q4_2020,1,lgbm,irradiance_outage,5888,0.8419329051982771,0.2926577148192418
q4_2020,1,lgbm,recent_power_outage,5888,17.409425079821197,6.192020181157978
q4_2020,1,lgbm,weather_outage,5888,0.0133336155253628,0.1281974491081808
q4_2020,1,clean,clean,5888,0.07752691375,0.206039166724822
q4_2020,1,clean,combined_outage,5888,20.12920173333333,7.97579843507847
q4_2020,1,clean,irradiance_outage,5888,0.0388738207792203,0.1623415676947996
q4_2020,1,clean,recent_power_outage,5888,22.5014888,6.7790565562447
q4_2020,1,clean,weather_outage,5888,0.0702994083333333,0.2016932631265219
q4_2020,1,robust,clean,5888,0.0,0.133990922620962
q4_2020,1,robust,combined_outage,5888,0.6454806142857148,0.2817737586334574
q4_2020,1,robust,irradiance_outage,5888,0.0,0.1483360652217794
q4_2020,1,robust,recent_power_outage,5888,0.0,0.128417214806865
q4_2020,1,robust,weather_outage,5888,0.0,0.1325963123058978
q4_2020,4,persistence,clean,5888,11.264335000000004,5.104778432065217
q4_2020,4,persistence,combined_outage,5888,26.579133,12.549612398607335
q4_2020,4,persistence,irradiance_outage,5888,11.264335000000004,5.104778432065217
q4_2020,4,persistence,recent_power_outage,5888,26.579133,12.549612398607335
q4_2020,4,persistence,weather_outage,5888,11.264335000000004,5.104778432065217
q4_2020,4,lgbm,clean,5888,0.001014116939082,0.1038838728774229
q4_2020,4,lgbm,combined_outage,5888,5.76357748659926,1.996844872665826
q4_2020,4,lgbm,irradiance_outage,5888,0.9764395368584856,0.2736947529987995
q4_2020,4,lgbm,recent_power_outage,5888,3.970719671013839,0.9088673741478478
q4_2020,4,lgbm,weather_outage,5888,0.0,0.094562533641324
q4_2020,4,clean,clean,5888,0.5990800636363636,0.3358746967908076
q4_2020,4,clean,combined_outage,5888,13.326076986666669,3.766692885141615
q4_2020,4,clean,irradiance_outage,5888,0.7168877966666667,0.2903349526472997
q4_2020,4,clean,recent_power_outage,5888,13.955867866666663,3.502668424249691
q4_2020,4,clean,weather_outage,5888,0.5562283395833312,0.318953993414649
q4_2020,4,robust,clean,5888,0.1618655015744678,0.2164082774315145
q4_2020,4,robust,combined_outage,5888,1.0664768584712387,0.3672316481427232
q4_2020,4,robust,irradiance_outage,5888,0.3227665549114329,0.2433059536775368
q4_2020,4,robust,recent_power_outage,5888,0.1700057872177076,0.197877885837217
q4_2020,4,robust,weather_outage,5888,0.0477966691316567,0.1954574039278501
