fold,horizon_steps,method,condition,ramp_direction,n,coverage,undercoverage_error,mean_width,mean_interval_score
q1_2020,1,clean_condition_cqr,clean,down,124,0.3790322580645161,0.5209677419354839,8.034601211547852,48.66728973388672
q1_2020,1,clean_condition_cqr,clean,up,133,0.44360902255639095,0.45639097744360907,8.28864574432373,39.584808349609375
q1_2020,1,clean_condition_cqr,combined_outage,down,124,0.9919354838709677,0.0,34.33426284790039,34.540809631347656
q1_2020,1,clean_condition_cqr,combined_outage,up,133,0.9097744360902256,0.0,36.02696990966797,43.567474365234375
q1_2020,1,clean_condition_cqr,irradiance_outage,down,124,0.6612903225806451,0.2387096774193549,11.107677459716797,28.03057861328125
q1_2020,1,clean_condition_cqr,irradiance_outage,up,133,0.42105263157894735,0.4789473684210527,9.250378608703613,43.156036376953125
q1_2020,1,clean_condition_cqr,recent_power_outage,down,124,1.0,0.0,34.80948257446289,34.80948257446289
q1_2020,1,clean_condition_cqr,recent_power_outage,up,133,0.9172932330827067,0.0,36.481475830078125,41.87867736816406
q1_2020,1,clean_condition_cqr,weather_outage,down,124,0.22580645161290322,0.6741935483870968,8.016312599182129,52.63450241088867
q1_2020,1,clean_condition_cqr,weather_outage,up,133,0.39849624060150374,0.5015037593984963,8.276679039001465,40.65292739868164
q1_2020,1,lgbm_condition_cqr,clean,down,124,0.3225806451612903,0.5774193548387097,9.71722412109375,37.2669677734375
q1_2020,1,lgbm_condition_cqr,clean,up,133,0.5263157894736842,0.37368421052631584,10.49781608581543,31.309070587158203
q1_2020,1,lgbm_condition_cqr,combined_outage,down,124,1.0,0.0,33.59666442871094,33.59666442871094
q1_2020,1,lgbm_condition_cqr,combined_outage,up,133,0.9022556390977443,0.0,35.513519287109375,42.46804428100586
q1_2020,1,lgbm_condition_cqr,irradiance_outage,down,124,0.7661290322580645,0.13387096774193552,13.660432815551758,20.102731704711914
q1_2020,1,lgbm_condition_cqr,irradiance_outage,up,133,0.7142857142857143,0.18571428571428572,13.914558410644531,29.77849006652832
q1_2020,1,lgbm_condition_cqr,recent_power_outage,down,124,1.0,0.0,32.216861724853516,32.216861724853516
q1_2020,1,lgbm_condition_cqr,recent_power_outage,up,133,0.8796992481203008,0.020300751879699264,34.106101989746094,40.00028610229492
q1_2020,1,lgbm_condition_cqr,weather_outage,down,124,0.28225806451612906,0.6177419354838709,9.629302978515625,38.15412139892578
q1_2020,1,lgbm_condition_cqr,weather_outage,up,133,0.5263157894736842,0.37368421052631584,10.478974342346191,31.69385528564453
q1_2020,1,oracle_ramp_mondrian,clean,down,124,0.8870967741935484,0.012903225806451646,19.78746795654297,24.657756805419922
q1_2020,1,oracle_ramp_mondrian,clean,up,133,0.9398496240601504,0.0,19.848934173583984,22.04971694946289
q1_2020,1,oracle_ramp_mondrian,combined_outage,down,124,0.9032258064516129,0.0,22.300254821777344,29.353994369506836
q1_2020,1,oracle_ramp_mondrian,combined_outage,up,133,0.9398496240601504,0.0,20.04940414428711,23.60982322692871
q1_2020,1,oracle_ramp_mondrian,irradiance_outage,down,124,0.8629032258064516,0.0370967741935484,19.380455017089844,25.833091735839844
q1_2020,1,oracle_ramp_mondrian,irradiance_outage,up,133,0.924812030075188,0.0,18.64825439453125,22.294944763183594
q1_2020,1,oracle_ramp_mondrian,recent_power_outage,down,124,0.8790322580645161,0.020967741935483897,20.224346160888672,30.787147521972656
q1_2020,1,oracle_ramp_mondrian,recent_power_outage,up,133,0.9548872180451128,0.0,19.594209671020508,20.79939079284668
q1_2020,1,oracle_ramp_mondrian,weather_outage,down,124,0.8790322580645161,0.020967741935483897,19.918676376342773,24.392093658447266
q1_2020,1,oracle_ramp_mondrian,weather_outage,up,133,0.9398496240601504,0.0,19.874027252197266,22.238243103027344
q1_2020,1,persistence_condition_cqr,clean,down,124,0.0,0.9,7.511064052581787,73.87998962402344
q1_2020,1,persistence_condition_cqr,clean,up,133,0.0,0.9,7.48076868057251,78.42111206054688
q1_2020,1,persistence_condition_cqr,combined_outage,down,124,0.7741935483870968,0.12580645161290327,39.17793273925781,53.581260681152344
q1_2020,1,persistence_condition_cqr,combined_outage,up,133,0.9022556390977443,0.0,31.594945907592773,36.89699935913086
q1_2020,1,persistence_condition_cqr,irradiance_outage,down,124,0.0,0.9,7.511064052581787,73.87998962402344
q1_2020,1,persistence_condition_cqr,irradiance_outage,up,133,0.0,0.9,7.48076868057251,78.42111206054688
q1_2020,1,persistence_condition_cqr,recent_power_outage,down,124,0.7741935483870968,0.12580645161290327,39.17793273925781,53.581260681152344
q1_2020,1,persistence_condition_cqr,recent_power_outage,up,133,0.9022556390977443,0.0,31.594945907592773,36.89699935913086
q1_2020,1,persistence_condition_cqr,weather_outage,down,124,0.0,0.9,7.511064052581787,73.87998962402344
q1_2020,1,persistence_condition_cqr,weather_outage,up,133,0.0,0.9,7.48076868057251,78.42111206054688
q1_2020,1,robust_condition_cqr,clean,down,124,0.5645161290322581,0.3354838709677419,10.090795516967773,37.45962142944336
q1_2020,1,robust_condition_cqr,clean,up,133,0.5413533834586466,0.35864661654135344,10.097192764282227,29.899829864501953
q1_2020,1,robust_condition_cqr,combined_outage,down,124,0.7016129032258065,0.19838709677419353,13.713955879211426,35.73835372924805
q1_2020,1,robust_condition_cqr,combined_outage,up,133,0.6390977443609023,0.26090225563909775,11.428417205810547,28.640220642089844
q1_2020,1,robust_condition_cqr,irradiance_outage,down,124,0.5645161290322581,0.3354838709677419,11.123370170593262,37.20882797241211
q1_2020,1,robust_condition_cqr,irradiance_outage,up,133,0.5037593984962406,0.3962406015037594,10.407438278198242,32.35498046875
q1_2020,1,robust_condition_cqr,recent_power_outage,down,124,0.717741935483871,0.18225806451612903,12.920019149780273,37.202369689941406
q1_2020,1,robust_condition_cqr,recent_power_outage,up,133,0.7293233082706767,0.17067669172932332,12.235138893127441,22.141958236694336
q1_2020,1,robust_condition_cqr,weather_outage,down,124,0.5403225806451613,0.35967741935483877,10.404438972473145,37.38151931762695
q1_2020,1,robust_condition_cqr,weather_outage,up,133,0.5939849624060151,0.30601503759398496,10.352509498596191,28.864728927612305
q1_2020,1,robust_local_cqr,clean,down,124,0.6370967741935484,0.26290322580645165,11.587519645690918,34.48918533325195
q1_2020,1,robust_local_cqr,clean,up,133,0.6541353383458647,0.24586466165413534,11.868796348571777,25.8741512298584
q1_2020,1,robust_local_cqr,combined_outage,down,124,0.782258064516129,0.11774193548387102,15.90934944152832,33.23640060424805
q1_2020,1,robust_local_cqr,combined_outage,up,133,0.7744360902255639,0.1255639097744361,13.717080116271973,25.28725242614746
q1_2020,1,robust_local_cqr,irradiance_outage,down,124,0.6774193548387096,0.2225806451612904,12.535683631896973,34.365543365478516
q1_2020,1,robust_local_cqr,irradiance_outage,up,133,0.6616541353383458,0.2383458646616542,12.167759895324707,28.36119270324707
q1_2020,1,robust_local_cqr,recent_power_outage,down,124,0.7419354838709677,0.15806451612903227,13.621160507202148,35.622764587402344
q1_2020,1,robust_local_cqr,recent_power_outage,up,133,0.7894736842105263,0.1105263157894737,13.756773948669434,19.970857620239258
q1_2020,1,robust_local_cqr,weather_outage,down,124,0.6370967741935484,0.26290322580645165,11.705682754516602,34.280128479003906
q1_2020,1,robust_local_cqr,weather_outage,up,133,0.6842105263157895,0.21578947368421053,12.003067016601562,24.88086700439453
q1_2020,1,robust_risk_mondrian,clean,down,124,0.6209677419354839,0.27903225806451615,11.04160213470459,35.12599182128906
q1_2020,1,robust_risk_mondrian,clean,up,133,0.6390977443609023,0.26090225563909775,11.162564277648926,27.344507217407227
q1_2020,1,robust_risk_mondrian,combined_outage,down,124,0.7016129032258065,0.19838709677419353,13.999322891235352,34.89080047607422
q1_2020,1,robust_risk_mondrian,combined_outage,up,133,0.7142857142857143,0.18571428571428572,12.51248550415039,27.194190979003906
q1_2020,1,robust_risk_mondrian,irradiance_outage,down,124,0.6370967741935484,0.26290322580645165,12.13575267791748,35.11464309692383
q1_2020,1,robust_risk_mondrian,irradiance_outage,up,133,0.6090225563909775,0.29097744360902256,11.570014953613281,29.6500186920166
q1_2020,1,robust_risk_mondrian,recent_power_outage,down,124,0.7258064516129032,0.17419354838709677,13.141335487365723,36.649410247802734
q1_2020,1,robust_risk_mondrian,recent_power_outage,up,133,0.7669172932330827,0.13308270676691736,12.841262817382812,21.286527633666992
q1_2020,1,robust_risk_mondrian,weather_outage,down,124,0.5887096774193549,0.31129032258064515,11.341456413269043,35.010986328125
q1_2020,1,robust_risk_mondrian,weather_outage,up,133,0.6390977443609023,0.26090225563909775,11.555140495300293,25.715503692626953
q1_2020,1,robust_rolling_cqr,clean,down,124,0.5645161290322581,0.3354838709677419,10.090795516967773,37.45962142944336
q1_2020,1,robust_rolling_cqr,clean,up,133,0.5413533834586466,0.35864661654135344,10.097192764282227,29.899829864501953
q1_2020,1,robust_rolling_cqr,combined_outage,down,124,0.7016129032258065,0.19838709677419353,14.393162727355957,34.75082015991211
q1_2020,1,robust_rolling_cqr,combined_outage,up,133,0.6992481203007519,0.20075187969924813,12.365160942077637,26.70475196838379
q1_2020,1,robust_rolling_cqr,irradiance_outage,down,124,0.5645161290322581,0.3354838709677419,11.128734588623047,37.173858642578125
q1_2020,1,robust_rolling_cqr,irradiance_outage,up,133,0.5037593984962406,0.3962406015037594,10.410749435424805,32.34138107299805
q1_2020,1,robust_rolling_cqr,recent_power_outage,down,124,0.717741935483871,0.18225806451612903,13.520808219909668,36.21049499511719
q1_2020,1,robust_rolling_cqr,recent_power_outage,up,133,0.7518796992481203,0.14812030075187976,13.126466751098633,22.225996017456055
q1_2020,1,robust_rolling_cqr,weather_outage,down,124,0.5403225806451613,0.35967741935483877,10.404438972473145,37.38151931762695
q1_2020,1,robust_rolling_cqr,weather_outage,up,133,0.5939849624060151,0.30601503759398496,10.352509498596191,28.864728927612305
q1_2020,4,clean_condition_cqr,clean,down,620,0.8758064516129033,0.024193548387096753,10.142961502075195,30.124454498291016
q1_2020,4,clean_condition_cqr,clean,up,611,0.8216039279869067,0.07839607201309329,11.423097610473633,22.779193878173828
q1_2020,4,clean_condition_cqr,combined_outage,down,620,0.9935483870967742,0.0,25.333602905273438,25.45770835876465
q1_2020,4,clean_condition_cqr,combined_outage,up,611,0.9639934533551555,0.0,37.46426773071289,41.213844299316406
q1_2020,4,clean_condition_cqr,irradiance_outage,down,620,0.8838709677419355,0.016129032258064502,12.5542573928833,27.39589500427246
q1_2020,4,clean_condition_cqr,irradiance_outage,up,611,0.8036006546644845,0.09639934533551553,12.837078094482422,25.526500701904297
q1_2020,4,clean_condition_cqr,recent_power_outage,down,620,1.0,0.0,26.038488388061523,26.038488388061523
q1_2020,4,clean_condition_cqr,recent_power_outage,up,611,0.9607201309328969,0.0,38.1788444519043,43.111026763916016
q1_2020,4,clean_condition_cqr,weather_outage,down,620,0.8661290322580645,0.03387096774193554,11.850890159606934,31.76040267944336
q1_2020,4,clean_condition_cqr,weather_outage,up,611,0.7855973813420621,0.11440261865793788,13.602206230163574,26.240476608276367
q1_2020,4,lgbm_condition_cqr,clean,down,620,0.8612903225806452,0.03870967741935483,11.44640827178955,18.44544219970703
q1_2020,4,lgbm_condition_cqr,clean,up,611,0.8772504091653028,0.022749590834697186,19.1290283203125,24.759679794311523
q1_2020,4,lgbm_condition_cqr,combined_outage,down,620,0.9838709677419355,0.0,22.05424690246582,22.312726974487305
q1_2020,4,lgbm_condition_cqr,combined_outage,up,611,0.9541734860883797,0.0,31.649538040161133,33.70436096191406
q1_2020,4,lgbm_condition_cqr,irradiance_outage,down,620,0.9806451612903225,0.0,19.380475997924805,20.30086326599121
q1_2020,4,lgbm_condition_cqr,irradiance_outage,up,611,0.9656301145662848,0.0,27.718645095825195,29.272287368774414
q1_2020,4,lgbm_condition_cqr,recent_power_outage,down,620,0.9419354838709677,0.0,17.96274185180664,19.522829055786133
q1_2020,4,lgbm_condition_cqr,recent_power_outage,up,611,0.9181669394435352,0.0,25.572799682617188,30.088577270507812
q1_2020,4,lgbm_condition_cqr,weather_outage,down,620,0.8596774193548387,0.040322580645161366,11.614206314086914,18.51071548461914
q1_2020,4,lgbm_condition_cqr,weather_outage,up,611,0.8657937806873978,0.03420621931260226,19.287172317504883,25.221288681030273
q1_2020,4,oracle_ramp_mondrian,clean,down,620,0.9274193548387096,0.0,14.862662315368652,26.673973083496094
q1_2020,4,oracle_ramp_mondrian,clean,up,611,0.9476268412438625,0.0,15.99437427520752,19.079166412353516
q1_2020,4,oracle_ramp_mondrian,combined_outage,down,620,0.9290322580645162,0.0,19.205299377441406,30.05007553100586
q1_2020,4,oracle_ramp_mondrian,combined_outage,up,611,0.9427168576104746,0.0,19.106735229492188,20.906856536865234
q1_2020,4,oracle_ramp_mondrian,irradiance_outage,down,620,0.9225806451612903,0.0,16.88784408569336,27.918607711791992
q1_2020,4,oracle_ramp_mondrian,irradiance_outage,up,611,0.9345335515548282,0.0,16.563762664794922,19.559568405151367
q1_2020,4,oracle_ramp_mondrian,recent_power_outage,down,620,0.9225806451612903,0.0,15.122478485107422,26.490489959716797
q1_2020,4,oracle_ramp_mondrian,recent_power_outage,up,611,0.9459901800327333,0.0,16.77436065673828,19.111528396606445
q1_2020,4,oracle_ramp_mondrian,weather_outage,down,620,0.9193548387096774,0.0,15.710904121398926,28.51375389099121
q1_2020,4,oracle_ramp_mondrian,weather_outage,up,611,0.939443535188216,0.0,16.94069480895996,19.81293487548828
q1_2020,4,persistence_condition_cqr,clean,down,620,0.6080645161290322,0.2919354838709678,26.496667861938477,45.96662902832031
q1_2020,4,persistence_condition_cqr,clean,up,611,0.5450081833060556,0.3549918166939444,22.184532165527344,47.579002380371094
q1_2020,4,persistence_condition_cqr,combined_outage,down,620,0.6935483870967742,0.20645161290322578,42.744930267333984,63.538368225097656
q1_2020,4,persistence_condition_cqr,combined_outage,up,611,0.8101472995090017,0.08985270049099836,32.130008697509766,42.047916412353516
q1_2020,4,persistence_condition_cqr,irradiance_outage,down,620,0.6080645161290322,0.2919354838709678,26.496667861938477,45.96662902832031
q1_2020,4,persistence_condition_cqr,irradiance_outage,up,611,0.5450081833060556,0.3549918166939444,22.184532165527344,47.579002380371094
q1_2020,4,persistence_condition_cqr,recent_power_outage,down,620,0.6935483870967742,0.20645161290322578,42.744930267333984,63.538368225097656
q1_2020,4,persistence_condition_cqr,recent_power_outage,up,611,0.8101472995090017,0.08985270049099836,32.130008697509766,42.047916412353516
q1_2020,4,persistence_condition_cqr,weather_outage,down,620,0.6080645161290322,0.2919354838709678,26.496667861938477,45.96662902832031
q1_2020,4,persistence_condition_cqr,weather_outage,up,611,0.5450081833060556,0.3549918166939444,22.184532165527344,47.579002380371094
q1_2020,4,robust_condition_cqr,clean,down,620,0.8887096774193548,0.011290322580645218,10.178739547729492,26.762617111206055
q1_2020,4,robust_condition_cqr,clean,up,611,0.8428805237315876,0.057119476268412406,10.597293853759766,19.01708984375
q1_2020,4,robust_condition_cqr,combined_outage,down,620,0.9032258064516129,0.0,14.935012817382812,30.345842361450195
q1_2020,4,robust_condition_cqr,combined_outage,up,611,0.7970540098199672,0.10294599018003281,13.700675010681152,22.07719612121582
q1_2020,4,robust_condition_cqr,irradiance_outage,down,620,0.9,0.0,12.58743953704834,27.893999099731445
q1_2020,4,robust_condition_cqr,irradiance_outage,up,611,0.851063829787234,0.04893617021276597,11.566018104553223,19.526960372924805
q1_2020,4,robust_condition_cqr,recent_power_outage,down,620,0.8806451612903226,0.01935483870967747,11.544625282287598,26.861116409301758
q1_2020,4,robust_condition_cqr,recent_power_outage,up,611,0.8887070376432079,0.011292962356792113,12.614190101623535,18.52947998046875
q1_2020,4,robust_condition_cqr,weather_outage,down,620,0.8903225806451613,0.009677419354838679,11.173030853271484,28.730100631713867
q1_2020,4,robust_condition_cqr,weather_outage,up,611,0.8281505728314239,0.07184942716857612,11.696239471435547,20.327577590942383
q1_2020,4,robust_local_cqr,clean,down,620,0.9048387096774193,0.0,10.957427978515625,26.209115982055664
q1_2020,4,robust_local_cqr,clean,up,611,0.9165302782324058,0.0,14.258550643920898,18.8366756439209
q1_2020,4,robust_local_cqr,combined_outage,down,620,0.8806451612903226,0.01935483870967747,13.719808578491211,30.085845947265625
q1_2020,4,robust_local_cqr,combined_outage,up,611,0.8985270049099836,0.0014729950900164157,16.76555824279785,20.46068572998047
q1_2020,4,robust_local_cqr,irradiance_outage,down,620,0.9096774193548387,0.0,12.73869514465332,26.71453857421875
q1_2020,4,robust_local_cqr,irradiance_outage,up,611,0.911620294599018,0.0,14.964510917663574,18.88738441467285
q1_2020,4,robust_local_cqr,recent_power_outage,down,620,0.8983870967741936,0.001612903225806428,12.276163101196289,26.737878799438477
q1_2020,4,robust_local_cqr,recent_power_outage,up,611,0.939443535188216,0.0,16.32554054260254,19.37852668762207
q1_2020,4,robust_local_cqr,weather_outage,down,620,0.8983870967741936,0.001612903225806428,11.625544548034668,27.88844108581543
q1_2020,4,robust_local_cqr,weather_outage,up,611,0.9050736497545008,0.0,15.285239219665527,20.107173919677734
q1_2020,4,robust_risk_mondrian,clean,down,620,0.9161290322580645,0.0,13.321112632751465,26.841419219970703
q1_2020,4,robust_risk_mondrian,clean,up,611,0.9181669394435352,0.0,14.224833488464355,18.40497398376465
q1_2020,4,robust_risk_mondrian,combined_outage,down,620,0.867741935483871,0.032258064516129004,13.0634183883667,30.793001174926758
q1_2020,4,robust_risk_mondrian,combined_outage,up,611,0.9361702127659575,0.0,19.640439987182617,23.871662139892578
q1_2020,4,robust_risk_mondrian,irradiance_outage,down,620,0.9145161290322581,0.0,15.322330474853516,29.507131576538086
q1_2020,4,robust_risk_mondrian,irradiance_outage,up,611,0.9034369885433715,0.0,14.728742599487305,20.442825317382812
q1_2020,4,robust_risk_mondrian,recent_power_outage,down,620,0.8983870967741936,0.001612903225806428,13.179267883300781,28.36415672302246
q1_2020,4,robust_risk_mondrian,recent_power_outage,up,611,0.9165302782324058,0.0,15.365579605102539,20.079797744750977
q1_2020,4,robust_risk_mondrian,weather_outage,down,620,0.9112903225806451,0.0,13.933086395263672,28.500232696533203
q1_2020,4,robust_risk_mondrian,weather_outage,up,611,0.9018003273322422,0.0,14.907023429870605,19.455934524536133
q1_2020,4,robust_rolling_cqr,clean,down,620,0.8774193548387097,0.022580645161290325,10.274011611938477,26.758373260498047
q1_2020,4,robust_rolling_cqr,clean,up,611,0.8445171849427169,0.05548281505728314,10.680562973022461,18.77425193786621
q1_2020,4,robust_rolling_cqr,combined_outage,down,620,0.896774193548387,0.003225806451612967,14.790215492248535,29.76065444946289
q1_2020,4,robust_rolling_cqr,combined_outage,up,611,0.762684124386252,0.13731587561374803,13.580056190490723,23.346446990966797
q1_2020,4,robust_rolling_cqr,irradiance_outage,down,620,0.896774193548387,0.003225806451612967,12.319575309753418,27.732044219970703
q1_2020,4,robust_rolling_cqr,irradiance_outage,up,611,0.8445171849427169,0.05548281505728314,11.262332916259766,19.4847354888916
q1_2020,4,robust_rolling_cqr,recent_power_outage,down,620,0.8838709677419355,0.016129032258064502,12.530308723449707,26.5546875
q1_2020,4,robust_rolling_cqr,recent_power_outage,up,611,0.8968903436988543,0.00310965630114568,13.814732551574707,18.177980422973633
q1_2020,4,robust_rolling_cqr,weather_outage,down,620,0.8725806451612903,0.02741935483870972,10.842485427856445,28.667591094970703
q1_2020,4,robust_rolling_cqr,weather_outage,up,611,0.7823240589198036,0.11767594108019641,11.322020530700684,20.618446350097656
q2_2020,1,clean_condition_cqr,clean,down,182,0.31868131868131866,0.5813186813186814,9.044411659240723,60.65083694458008
q2_2020,1,clean_condition_cqr,clean,up,154,0.24675324675324675,0.6532467532467533,10.30196475982666,52.130977630615234
q2_2020,1,clean_condition_cqr,combined_outage,down,182,1.0,0.0,35.55509948730469,35.55509948730469
q2_2020,1,clean_condition_cqr,combined_outage,up,154,0.922077922077922,0.0,36.91787338256836,41.92205810546875
q2_2020,1,clean_condition_cqr,irradiance_outage,down,182,0.7747252747252747,0.12527472527472527,14.450207710266113,27.192672729492188
q2_2020,1,clean_condition_cqr,irradiance_outage,up,154,0.16883116883116883,0.7311688311688311,11.860143661499023,70.52826690673828
q2_2020,1,clean_condition_cqr,recent_power_outage,down,182,1.0,0.0,38.18755340576172,38.18755340576172
q2_2020,1,clean_condition_cqr,recent_power_outage,up,154,0.935064935064935,0.0,38.73259353637695,42.46502685546875
q2_2020,1,clean_condition_cqr,weather_outage,down,182,0.33516483516483514,0.5648351648351648,8.93360424041748,61.14438247680664
q2_2020,1,clean_condition_cqr,weather_outage,up,154,0.23376623376623376,0.6662337662337663,10.353094100952148,54.41416549682617
q2_2020,1,lgbm_condition_cqr,clean,down,182,0.4230769230769231,0.47692307692307695,10.309123039245605,47.42607116699219
q2_2020,1,lgbm_condition_cqr,clean,up,154,0.4675324675324675,0.4324675324675325,12.342830657958984,42.57123947143555
q2_2020,1,lgbm_condition_cqr,combined_outage,down,182,1.0,0.0,35.69548797607422,35.69548797607422
q2_2020,1,lgbm_condition_cqr,combined_outage,up,154,0.9025974025974026,0.0,36.77668380737305,41.52088165283203
q2_2020,1,lgbm_condition_cqr,irradiance_outage,down,182,0.7692307692307693,0.13076923076923075,13.292214393615723,26.0627498626709
q2_2020,1,lgbm_condition_cqr,irradiance_outage,up,154,0.2987012987012987,0.6012987012987013,13.754387855529785,58.497806549072266
q2_2020,1,lgbm_condition_cqr,recent_power_outage,down,182,1.0,0.0,34.795650482177734,34.795650482177734
q2_2020,1,lgbm_condition_cqr,recent_power_outage,up,154,0.948051948051948,0.0,35.9677619934082,38.31912612915039
q2_2020,1,lgbm_condition_cqr,weather_outage,down,182,0.4340659340659341,0.46593406593406594,10.321125030517578,47.2545166015625
q2_2020,1,lgbm_condition_cqr,weather_outage,up,154,0.4675324675324675,0.4324675324675325,12.372884750366211,42.97669219970703
q2_2020,1,oracle_ramp_mondrian,clean,down,182,0.8681318681318682,0.031868131868131866,20.307952880859375,30.01806640625
q2_2020,1,oracle_ramp_mondrian,clean,up,154,0.9415584415584416,0.0,22.538238525390625,24.16200828552246
q2_2020,1,oracle_ramp_mondrian,combined_outage,down,182,0.8571428571428571,0.04285714285714293,22.995643615722656,29.24984359741211
q2_2020,1,oracle_ramp_mondrian,combined_outage,up,154,0.9415584415584416,0.0,23.231464385986328,27.045452117919922
q2_2020,1,oracle_ramp_mondrian,irradiance_outage,down,182,0.8791208791208791,0.020879120879120916,20.9104061126709,30.723697662353516
q2_2020,1,oracle_ramp_mondrian,irradiance_outage,up,154,0.9090909090909091,0.0,22.165042877197266,24.922292709350586
q2_2020,1,oracle_ramp_mondrian,recent_power_outage,down,182,0.8241758241758241,0.07582417582417589,20.015588760375977,30.633358001708984
q2_2020,1,oracle_ramp_mondrian,recent_power_outage,up,154,0.961038961038961,0.0,20.75896453857422,21.606807708740234
q2_2020,1,oracle_ramp_mondrian,weather_outage,down,182,0.8681318681318682,0.031868131868131866,20.318803787231445,29.45060920715332
q2_2020,1,oracle_ramp_mondrian,weather_outage,up,154,0.948051948051948,0.0,22.64129638671875,24.39771842956543
q2_2020,1,persistence_condition_cqr,clean,down,182,0.0,0.9,7.281867027282715,107.41876983642578
q2_2020,1,persistence_condition_cqr,clean,up,154,0.0,0.9,7.268346786499023,97.59831237792969
q2_2020,1,persistence_condition_cqr,combined_outage,down,182,0.9340659340659341,0.0,39.866920471191406,42.73520278930664
q2_2020,1,persistence_condition_cqr,combined_outage,up,154,0.9675324675324676,0.0,38.12868881225586,41.83754348754883
q2_2020,1,persistence_condition_cqr,irradiance_outage,down,182,0.0,0.9,7.281867027282715,107.41876983642578
q2_2020,1,persistence_condition_cqr,irradiance_outage,up,154,0.0,0.9,7.268346786499023,97.59831237792969
q2_2020,1,persistence_condition_cqr,recent_power_outage,down,182,0.9340659340659341,0.0,39.866920471191406,42.73520278930664
q2_2020,1,persistence_condition_cqr,recent_power_outage,up,154,0.9675324675324676,0.0,38.12868881225586,41.83754348754883
q2_2020,1,persistence_condition_cqr,weather_outage,down,182,0.0,0.9,7.281867027282715,107.41876983642578
q2_2020,1,persistence_condition_cqr,weather_outage,up,154,0.0,0.9,7.268346786499023,97.59831237792969
q2_2020,1,robust_condition_cqr,clean,down,182,0.4725274725274725,0.4274725274725275,11.213981628417969,48.50800704956055
q2_2020,1,robust_condition_cqr,clean,up,154,0.512987012987013,0.38701298701298703,13.518439292907715,34.31858444213867
q2_2020,1,robust_condition_cqr,combined_outage,down,182,0.6648351648351648,0.23516483516483522,13.79637622833252,40.86857986450195
q2_2020,1,robust_condition_cqr,combined_outage,up,154,0.6038961038961039,0.2961038961038961,13.973591804504395,36.214019775390625
q2_2020,1,robust_condition_cqr,irradiance_outage,down,182,0.510989010989011,0.38901098901098907,11.942712783813477,47.93425369262695
q2_2020,1,robust_condition_cqr,irradiance_outage,up,154,0.4935064935064935,0.4064935064935065,13.289341926574707,38.29641342163086
q2_2020,1,robust_condition_cqr,recent_power_outage,down,182,0.6758241758241759,0.22417582417582416,13.498924255371094,38.702415466308594
q2_2020,1,robust_condition_cqr,recent_power_outage,up,154,0.6818181818181818,0.21818181818181825,14.242158889770508,24.40410041809082
q2_2020,1,robust_condition_cqr,weather_outage,down,182,0.47802197802197804,0.421978021978022,11.186034202575684,48.13065719604492
q2_2020,1,robust_condition_cqr,weather_outage,up,154,0.5194805194805194,0.3805194805194806,13.583573341369629,35.88201904296875
q2_2020,1,robust_local_cqr,clean,down,182,0.521978021978022,0.378021978021978,11.876691818237305,45.45859909057617
q2_2020,1,robust_local_cqr,clean,up,154,0.6103896103896104,0.28961038961038965,14.84003734588623,31.242511749267578
q2_2020,1,robust_local_cqr,combined_outage,down,182,0.7692307692307693,0.13076923076923075,19.34113883972168,34.73320007324219
q2_2020,1,robust_local_cqr,combined_outage,up,154,0.8181818181818182,0.08181818181818179,21.570404052734375,30.110815048217773
q2_2020,1,robust_local_cqr,irradiance_outage,down,182,0.5439560439560439,0.3560439560439561,12.658454895019531,44.27248764038086
q2_2020,1,robust_local_cqr,irradiance_outage,up,154,0.564935064935065,0.33506493506493507,14.698622703552246,35.06229019165039
q2_2020,1,robust_local_cqr,recent_power_outage,down,182,0.7802197802197802,0.1197802197802198,18.911001205444336,32.712440490722656
q2_2020,1,robust_local_cqr,recent_power_outage,up,154,0.9025974025974026,0.0,21.9492244720459,24.56511878967285
q2_2020,1,robust_local_cqr,weather_outage,down,182,0.4945054945054945,0.4054945054945055,11.794981956481934,45.41202163696289
q2_2020,1,robust_local_cqr,weather_outage,up,154,0.6363636363636364,0.26363636363636367,14.954992294311523,32.52684783935547
q2_2020,1,robust_risk_mondrian,clean,down,182,0.510989010989011,0.38901098901098907,11.59034538269043,47.129364013671875
q2_2020,1,robust_risk_mondrian,clean,up,154,0.5584415584415584,0.3415584415584416,13.90998363494873,32.84302520751953
q2_2020,1,robust_risk_mondrian,combined_outage,down,182,0.6813186813186813,0.21868131868131868,14.485276222229004,38.55335235595703
q2_2020,1,robust_risk_mondrian,combined_outage,up,154,0.6428571428571429,0.2571428571428571,15.276598930358887,32.5708122253418
q2_2020,1,robust_risk_mondrian,irradiance_outage,down,182,0.5274725274725275,0.37252747252747254,12.307917594909668,46.7606086730957
q2_2020,1,robust_risk_mondrian,irradiance_outage,up,154,0.512987012987013,0.38701298701298703,13.724700927734375,36.68056869506836
q2_2020,1,robust_risk_mondrian,recent_power_outage,down,182,0.6868131868131868,0.2131868131868132,13.690129280090332,38.11329650878906
q2_2020,1,robust_risk_mondrian,recent_power_outage,up,154,0.7012987012987013,0.1987012987012987,14.482840538024902,23.811527252197266
q2_2020,1,robust_risk_mondrian,weather_outage,down,182,0.5054945054945055,0.39450549450549455,11.608962059020996,46.645999908447266
q2_2020,1,robust_risk_mondrian,weather_outage,up,154,0.551948051948052,0.34805194805194806,14.025026321411133,34.29311752319336
q2_2020,1,robust_rolling_cqr,clean,down,182,0.4835164835164835,0.4164835164835165,11.298891067504883,48.1361083984375
q2_2020,1,robust_rolling_cqr,clean,up,154,0.5194805194805194,0.3805194805194806,13.60864543914795,34.02101135253906
q2_2020,1,robust_rolling_cqr,combined_outage,down,182,0.7362637362637363,0.1637362637362637,16.116453170776367,35.120758056640625
q2_2020,1,robust_rolling_cqr,combined_outage,up,154,0.7012987012987013,0.1987012987012987,16.786535263061523,31.245643615722656
q2_2020,1,robust_rolling_cqr,irradiance_outage,down,182,0.510989010989011,0.38901098901098907,12.024733543395996,47.682640075683594
q2_2020,1,robust_rolling_cqr,irradiance_outage,up,154,0.5,0.4,13.381582260131836,37.96712112426758
q2_2020,1,robust_rolling_cqr,recent_power_outage,down,182,0.7802197802197802,0.1197802197802198,15.69409465789795,33.238704681396484
q2_2020,1,robust_rolling_cqr,recent_power_outage,up,154,0.8116883116883117,0.08831168831168834,16.89236831665039,23.130870819091797
q2_2020,1,robust_rolling_cqr,weather_outage,down,182,0.4835164835164835,0.4164835164835165,11.271628379821777,47.790802001953125
q2_2020,1,robust_rolling_cqr,weather_outage,up,154,0.5324675324675324,0.3675324675324676,13.675800323486328,35.60084533691406
q2_2020,4,clean_condition_cqr,clean,down,411,0.7177615571776156,0.18223844282238444,8.70812702178955,44.88129806518555
q2_2020,4,clean_condition_cqr,clean,up,447,0.70917225950783,0.19082774049217,10.347601890563965,31.535654067993164
q2_2020,4,clean_condition_cqr,combined_outage,down,411,1.0,0.0,27.301788330078125,27.301788330078125
q2_2020,4,clean_condition_cqr,combined_outage,up,447,0.9351230425055929,0.0,37.642677307128906,42.761959075927734
q2_2020,4,clean_condition_cqr,irradiance_outage,down,411,0.829683698296837,0.07031630170316305,13.360625267028809,32.55004119873047
q2_2020,4,clean_condition_cqr,irradiance_outage,up,447,0.7583892617449665,0.14161073825503356,11.172290802001953,30.044408798217773
q2_2020,4,clean_condition_cqr,recent_power_outage,down,411,1.0,0.0,28.566843032836914,28.566843032836914
q2_2020,4,clean_condition_cqr,recent_power_outage,up,447,0.9105145413870246,0.0,36.08743667602539,43.63688659667969
q2_2020,4,clean_condition_cqr,weather_outage,down,411,0.7469586374695864,0.15304136253041367,9.20835018157959,43.885589599609375
q2_2020,4,clean_condition_cqr,weather_outage,up,447,0.7225950782997763,0.1774049217002237,10.283224105834961,29.72353172302246
q2_2020,4,lgbm_condition_cqr,clean,down,411,0.7883211678832117,0.1116788321167883,10.112581253051758,27.787620544433594
q2_2020,4,lgbm_condition_cqr,clean,up,447,0.8210290827740492,0.07897091722595084,17.145448684692383,24.310346603393555
q2_2020,4,lgbm_condition_cqr,combined_outage,down,411,1.0,0.0,24.39748764038086,24.39748764038086
q2_2020,4,lgbm_condition_cqr,combined_outage,up,447,0.9664429530201343,0.0,32.83539581298828,33.303401947021484
q2_2020,4,lgbm_condition_cqr,irradiance_outage,down,411,0.8661800486618005,0.03381995133819948,13.211323738098145,19.228900909423828
q2_2020,4,lgbm_condition_cqr,irradiance_outage,up,447,0.854586129753915,0.04541387024608501,19.476409912109375,26.53821563720703
q2_2020,4,lgbm_condition_cqr,recent_power_outage,down,411,0.9975669099756691,0.0,21.0542049407959,21.100637435913086
q2_2020,4,lgbm_condition_cqr,recent_power_outage,up,447,0.9172259507829977,0.0,26.502363204956055,28.24794578552246
q2_2020,4,lgbm_condition_cqr,weather_outage,down,411,0.7956204379562044,0.10437956204379562,10.22489070892334,27.815784454345703
q2_2020,4,lgbm_condition_cqr,weather_outage,up,447,0.8210290827740492,0.07897091722595084,17.357479095458984,23.68548583984375
q2_2020,4,oracle_ramp_mondrian,clean,down,411,0.8248175182481752,0.07518248175182485,12.104454040527344,33.44314956665039
q2_2020,4,oracle_ramp_mondrian,clean,up,447,0.87248322147651,0.027516778523489993,12.991490364074707,20.467130661010742
q2_2020,4,oracle_ramp_mondrian,combined_outage,down,411,0.8442822384428224,0.05571776155717767,14.497844696044922,34.06755065917969
q2_2020,4,oracle_ramp_mondrian,combined_outage,up,447,0.9060402684563759,0.0,13.218709945678711,20.11176300048828
q2_2020,4,oracle_ramp_mondrian,irradiance_outage,down,411,0.8175182481751825,0.08248175182481754,12.653882026672363,34.7152214050293
q2_2020,4,oracle_ramp_mondrian,irradiance_outage,up,447,0.854586129753915,0.04541387024608501,12.473548889160156,20.790748596191406
q2_2020,4,oracle_ramp_mondrian,recent_power_outage,down,411,0.829683698296837,0.07031630170316305,12.605321884155273,31.055286407470703
q2_2020,4,oracle_ramp_mondrian,recent_power_outage,up,447,0.8859060402684564,0.014093959731543593,13.120379447937012,19.230884552001953
q2_2020,4,oracle_ramp_mondrian,weather_outage,down,411,0.851581508515815,0.04841849148418498,13.160672187805176,31.550508499145508
q2_2020,4,oracle_ramp_mondrian,weather_outage,up,447,0.8903803131991052,0.009619686800894867,13.469154357910156,19.689945220947266
q2_2020,4,persistence_condition_cqr,clean,down,411,0.7226277372262774,0.17737226277372264,25.881330490112305,48.95053482055664
q2_2020,4,persistence_condition_cqr,clean,up,447,0.7807606263982103,0.11923937360178971,22.771697998046875,41.26283264160156
q2_2020,4,persistence_condition_cqr,combined_outage,down,411,0.9343065693430657,0.0,44.560237884521484,45.90846633911133
q2_2020,4,persistence_condition_cqr,combined_outage,up,447,0.9530201342281879,0.0,34.33513259887695,35.95087432861328
q2_2020,4,persistence_condition_cqr,irradiance_outage,down,411,0.7226277372262774,0.17737226277372264,25.881330490112305,48.95053482055664
q2_2020,4,persistence_condition_cqr,irradiance_outage,up,447,0.7807606263982103,0.11923937360178971,22.771697998046875,41.26283264160156
q2_2020,4,persistence_condition_cqr,recent_power_outage,down,411,0.9343065693430657,0.0,44.560237884521484,45.90846633911133
q2_2020,4,persistence_condition_cqr,recent_power_outage,up,447,0.9530201342281879,0.0,34.33513259887695,35.95087432861328
q2_2020,4,persistence_condition_cqr,weather_outage,down,411,0.7226277372262774,0.17737226277372264,25.881330490112305,48.95053482055664
q2_2020,4,persistence_condition_cqr,weather_outage,up,447,0.7807606263982103,0.11923937360178971,22.771697998046875,41.26283264160156
q2_2020,4,robust_condition_cqr,clean,down,411,0.7785888077858881,0.1214111922141119,9.251856803894043,36.1956672668457
q2_2020,4,robust_condition_cqr,clean,up,447,0.785234899328859,0.11476510067114098,10.110696792602539,22.220762252807617
q2_2020,4,robust_condition_cqr,combined_outage,down,411,0.8150851581508516,0.08491484184914844,12.74009895324707,35.463016510009766
q2_2020,4,robust_condition_cqr,combined_outage,up,447,0.8590604026845637,0.04093959731543628,11.370319366455078,20.426937103271484
q2_2020,4,robust_condition_cqr,irradiance_outage,down,411,0.7956204379562044,0.10437956204379562,10.660993576049805,36.58623504638672
q2_2020,4,robust_condition_cqr,irradiance_outage,up,447,0.785234899328859,0.11476510067114098,10.457197189331055,22.31479835510254
q2_2020,4,robust_condition_cqr,recent_power_outage,down,411,0.8199513381995134,0.08004866180048664,11.231966018676758,32.11724090576172
q2_2020,4,robust_condition_cqr,recent_power_outage,up,447,0.814317673378076,0.08568232662192399,11.72536563873291,19.827476501464844
q2_2020,4,robust_condition_cqr,weather_outage,down,411,0.7907542579075426,0.10924574209245741,9.754839897155762,34.01646423339844
q2_2020,4,robust_condition_cqr,weather_outage,up,447,0.7695749440715883,0.1304250559284117,10.016481399536133,21.37372398376465
q2_2020,4,robust_local_cqr,clean,down,411,0.8102189781021898,0.08978102189781023,10.30496883392334,30.861183166503906
q2_2020,4,robust_local_cqr,clean,up,447,0.8881431767337807,0.011856823266219285,12.764270782470703,19.167213439941406
q2_2020,4,robust_local_cqr,combined_outage,down,411,0.8150851581508516,0.08491484184914844,12.699518203735352,29.641632080078125
q2_2020,4,robust_local_cqr,combined_outage,up,447,0.9194630872483222,0.0,14.426613807678223,19.684057235717773
q2_2020,4,robust_local_cqr,irradiance_outage,down,411,0.8175182481751825,0.08248175182481754,11.603927612304688,30.99359893798828
q2_2020,4,robust_local_cqr,irradiance_outage,up,447,0.8769574944071589,0.023042505592841156,12.900008201599121,19.530168533325195
q2_2020,4,robust_local_cqr,recent_power_outage,down,411,0.8418491484184915,0.05815085158150857,12.10275650024414,27.093345642089844
q2_2020,4,robust_local_cqr,recent_power_outage,up,447,0.9395973154362416,0.0,15.185940742492676,18.76795768737793
q2_2020,4,robust_local_cqr,weather_outage,down,411,0.8223844282238443,0.07761557177615575,10.953139305114746,28.59710693359375
q2_2020,4,robust_local_cqr,weather_outage,up,447,0.8970917225950783,0.002908277404921722,12.68458080291748,18.758771896362305
q2_2020,4,robust_risk_mondrian,clean,down,411,0.8223844282238443,0.07761557177615575,10.884969711303711,33.58501052856445
q2_2020,4,robust_risk_mondrian,clean,up,447,0.854586129753915,0.04541387024608501,11.61452865600586,20.06231689453125
q2_2020,4,robust_risk_mondrian,combined_outage,down,411,0.8199513381995134,0.08004866180048664,13.206480979919434,35.95591354370117
q2_2020,4,robust_risk_mondrian,combined_outage,up,447,0.8680089485458613,0.03199105145413872,11.641033172607422,19.968446731567383
q2_2020,4,robust_risk_mondrian,irradiance_outage,down,411,0.8175182481751825,0.08248175182481754,12.557679176330566,35.04733657836914
q2_2020,4,robust_risk_mondrian,irradiance_outage,up,447,0.843400447427293,0.05659955257270699,12.38781452178955,21.303939819335938
q2_2020,4,robust_risk_mondrian,recent_power_outage,down,411,0.8223844282238443,0.07761557177615575,11.50826358795166,30.71816062927246
q2_2020,4,robust_risk_mondrian,recent_power_outage,up,447,0.8657718120805369,0.03422818791946314,12.657405853271484,19.519752502441406
q2_2020,4,robust_risk_mondrian,weather_outage,down,411,0.8345498783454988,0.06545012165450126,11.376091957092285,32.64912414550781
q2_2020,4,robust_risk_mondrian,weather_outage,up,447,0.8657718120805369,0.03422818791946314,11.708989143371582,19.673423767089844
q2_2020,4,robust_rolling_cqr,clean,down,411,0.8004866180048662,0.09951338199513382,10.378050804138184,34.361141204833984
q2_2020,4,robust_rolling_cqr,clean,up,447,0.814317673378076,0.08568232662192399,11.2429780960083,20.71548080444336
q2_2020,4,robust_rolling_cqr,combined_outage,down,411,0.829683698296837,0.07031630170316305,14.142267227172852,31.991363525390625
q2_2020,4,robust_rolling_cqr,combined_outage,up,447,0.8859060402684564,0.014093959731543593,13.17210865020752,18.86703872680664
q2_2020,4,robust_rolling_cqr,irradiance_outage,down,411,0.805352798053528,0.09464720194647203,11.769926071166992,34.8776969909668
q2_2020,4,robust_rolling_cqr,irradiance_outage,up,447,0.8232662192393736,0.07673378076062642,11.590622901916504,20.316591262817383
q2_2020,4,robust_rolling_cqr,recent_power_outage,down,411,0.8321167883211679,0.06788321167883216,12.757759094238281,29.577180862426758
q2_2020,4,robust_rolling_cqr,recent_power_outage,up,447,0.8590604026845637,0.04093959731543628,13.454972267150879,18.904170989990234
q2_2020,4,robust_rolling_cqr,weather_outage,down,411,0.8199513381995134,0.08004866180048664,10.901327133178711,32.3507194519043
q2_2020,4,robust_rolling_cqr,weather_outage,up,447,0.8187919463087249,0.08120805369127515,11.165428161621094,20.23578643798828
q3_2020,1,clean_condition_cqr,clean,down,231,0.341991341991342,0.5580086580086581,9.873340606689453,57.17448806762695
q3_2020,1,clean_condition_cqr,clean,up,223,0.3273542600896861,0.572645739910314,10.80172348022461,49.304073333740234
q3_2020,1,clean_condition_cqr,combined_outage,down,231,1.0,0.0,36.188865661621094,36.188865661621094
q3_2020,1,clean_condition_cqr,combined_outage,up,223,0.9103139013452914,0.0,37.242977142333984,40.221649169921875
q3_2020,1,clean_condition_cqr,irradiance_outage,down,231,0.7359307359307359,0.16406926406926414,13.970388412475586,26.259218215942383
q3_2020,1,clean_condition_cqr,irradiance_outage,up,223,0.26905829596412556,0.6309417040358745,11.776132583618164,60.36442947387695
q3_2020,1,clean_condition_cqr,recent_power_outage,down,231,1.0,0.0,37.634517669677734,37.634517669677734
q3_2020,1,clean_condition_cqr,recent_power_outage,up,223,0.9013452914798207,0.0,38.67741775512695,42.33078384399414
q3_2020,1,clean_condition_cqr,weather_outage,down,231,0.35064935064935066,0.5493506493506494,9.77995777130127,57.013797760009766
q3_2020,1,clean_condition_cqr,weather_outage,up,223,0.3183856502242152,0.5816143497757849,10.70550537109375,50.8681755065918
q3_2020,1,lgbm_condition_cqr,clean,down,231,0.5064935064935064,0.3935064935064936,12.360038757324219,40.2962760925293
q3_2020,1,lgbm_condition_cqr,clean,up,223,0.4798206278026906,0.42017937219730944,13.965997695922852,37.091392517089844
q3_2020,1,lgbm_condition_cqr,combined_outage,down,231,1.0,0.0,35.7995719909668,35.7995719909668
q3_2020,1,lgbm_condition_cqr,combined_outage,up,223,0.8923766816143498,0.007623318385650224,36.76009750366211,40.39958572387695
q3_2020,1,lgbm_condition_cqr,irradiance_outage,down,231,0.70995670995671,0.19004329004329001,13.594139099121094,27.91548728942871
q3_2020,1,lgbm_condition_cqr,irradiance_outage,up,223,0.4170403587443946,0.4829596412556054,14.762789726257324,47.49827194213867
q3_2020,1,lgbm_condition_cqr,recent_power_outage,down,231,1.0,0.0,35.525779724121094,35.525779724121094
q3_2020,1,lgbm_condition_cqr,recent_power_outage,up,223,0.9192825112107623,0.0,36.41277313232422,39.41965866088867
q3_2020,1,lgbm_condition_cqr,weather_outage,down,231,0.5108225108225108,0.3891774891774892,12.345861434936523,39.830787658691406
q3_2020,1,lgbm_condition_cqr,weather_outage,up,223,0.47085201793721976,0.42914798206278026,13.944053649902344,37.84346008300781
q3_2020,1,oracle_ramp_mondrian,clean,down,231,0.9090909090909091,0.0,22.10891342163086,26.74452018737793
q3_2020,1,oracle_ramp_mondrian,clean,up,223,0.9506726457399103,0.0,22.9172420501709,24.246978759765625
q3_2020,1,oracle_ramp_mondrian,combined_outage,down,231,0.9090909090909091,0.0,23.891889572143555,27.622461318969727
q3_2020,1,oracle_ramp_mondrian,combined_outage,up,223,0.905829596412556,0.0,23.20958709716797,27.561342239379883
q3_2020,1,oracle_ramp_mondrian,irradiance_outage,down,231,0.8961038961038961,0.003896103896103953,22.028841018676758,26.06406021118164
q3_2020,1,oracle_ramp_mondrian,irradiance_outage,up,223,0.9282511210762332,0.0,22.60048484802246,25.115812301635742
q3_2020,1,oracle_ramp_mondrian,recent_power_outage,down,231,0.8961038961038961,0.003896103896103953,22.415969848632812,27.796184539794922
q3_2020,1,oracle_ramp_mondrian,recent_power_outage,up,223,0.9282511210762332,0.0,22.05708885192871,25.16059684753418
q3_2020,1,oracle_ramp_mondrian,weather_outage,down,231,0.9090909090909091,0.0,22.284242630004883,27.52737045288086
q3_2020,1,oracle_ramp_mondrian,weather_outage,up,223,0.9506726457399103,0.0,23.019004821777344,24.143648147583008
q3_2020,1,persistence_condition_cqr,clean,down,231,0.0,0.9,7.110664367675781,104.62434387207031
q3_2020,1,persistence_condition_cqr,clean,up,223,0.0,0.9,7.109172344207764,102.31367492675781
q3_2020,1,persistence_condition_cqr,combined_outage,down,231,0.8831168831168831,0.016883116883116944,36.73580551147461,45.01152420043945
q3_2020,1,persistence_condition_cqr,combined_outage,up,223,0.8475336322869955,0.0524663677130045,32.85581588745117,42.76802062988281
q3_2020,1,persistence_condition_cqr,irradiance_outage,down,231,0.0,0.9,7.110664367675781,104.62434387207031
q3_2020,1,persistence_condition_cqr,irradiance_outage,up,223,0.0,0.9,7.109172344207764,102.31367492675781
q3_2020,1,persistence_condition_cqr,recent_power_outage,down,231,0.8831168831168831,0.016883116883116944,36.73580551147461,45.01152420043945
q3_2020,1,persistence_condition_cqr,recent_power_outage,up,223,0.8475336322869955,0.0524663677130045,32.85581588745117,42.76802062988281
q3_2020,1,persistence_condition_cqr,weather_outage,down,231,0.0,0.9,7.110664367675781,104.62434387207031
q3_2020,1,persistence_condition_cqr,weather_outage,up,223,0.0,0.9,7.109172344207764,102.31367492675781
q3_2020,1,robust_condition_cqr,clean,down,231,0.5367965367965368,0.3632034632034632,12.391853332519531,41.17110061645508
q3_2020,1,robust_condition_cqr,clean,up,223,0.5201793721973094,0.37982062780269066,13.175708770751953,36.01881408691406
q3_2020,1,robust_condition_cqr,combined_outage,down,231,0.7575757575757576,0.14242424242424245,16.67888832092285,31.502403259277344
q3_2020,1,robust_condition_cqr,combined_outage,up,223,0.7040358744394619,0.1959641255605381,15.935627937316895,34.55352020263672
q3_2020,1,robust_condition_cqr,irradiance_outage,down,231,0.5151515151515151,0.3848484848484849,12.147403717041016,41.23239517211914
q3_2020,1,robust_condition_cqr,irradiance_outage,up,223,0.4304932735426009,0.4695067264573991,12.717245101928711,42.15605545043945
q3_2020,1,robust_condition_cqr,recent_power_outage,down,231,0.7359307359307359,0.16406926406926414,16.327980041503906,33.15201187133789
q3_2020,1,robust_condition_cqr,recent_power_outage,up,223,0.7668161434977578,0.13318385650224218,15.949411392211914,28.00881576538086
q3_2020,1,robust_condition_cqr,weather_outage,down,231,0.5670995670995671,0.3329004329004329,12.563283920288086,41.5501823425293
q3_2020,1,robust_condition_cqr,weather_outage,up,223,0.547085201793722,0.352914798206278,13.274041175842285,34.708255767822266
q3_2020,1,robust_local_cqr,clean,down,231,0.6103896103896104,0.28961038961038965,13.80936336517334,37.112918853759766
q3_2020,1,robust_local_cqr,clean,up,223,0.6278026905829597,0.27219730941704035,15.022077560424805,30.407169342041016
q3_2020,1,robust_local_cqr,combined_outage,down,231,0.8051948051948052,0.09480519480519478,18.679656982421875,30.706920623779297
q3_2020,1,robust_local_cqr,combined_outage,up,223,0.7847533632286996,0.11524663677130043,19.178802490234375,28.24768829345703
q3_2020,1,robust_local_cqr,irradiance_outage,down,231,0.5714285714285714,0.3285714285714286,13.496719360351562,36.721336364746094
q3_2020,1,robust_local_cqr,irradiance_outage,up,223,0.547085201793722,0.352914798206278,14.624480247497559,34.973472595214844
q3_2020,1,robust_local_cqr,recent_power_outage,down,231,0.8095238095238095,0.09047619047619049,19.076940536499023,30.378957748413086
q3_2020,1,robust_local_cqr,recent_power_outage,up,223,0.8923766816143498,0.007623318385650224,20.029664993286133,24.280641555786133
q3_2020,1,robust_local_cqr,weather_outage,down,231,0.6147186147186147,0.28528138528138536,13.891681671142578,38.06660079956055
q3_2020,1,robust_local_cqr,weather_outage,up,223,0.6367713004484304,0.2632286995515696,15.087576866149902,29.719114303588867
q3_2020,1,robust_risk_mondrian,clean,down,231,0.5800865800865801,0.3199134199134199,13.377583503723145,38.40061950683594
q3_2020,1,robust_risk_mondrian,clean,up,223,0.5919282511210763,0.30807174887892375,14.360400199890137,32.18475341796875
q3_2020,1,robust_risk_mondrian,combined_outage,down,231,0.8181818181818182,0.08181818181818179,18.927453994750977,28.32725715637207
q3_2020,1,robust_risk_mondrian,combined_outage,up,223,0.8026905829596412,0.09730941704035878,19.191240310668945,29.39838981628418
q3_2020,1,robust_risk_mondrian,irradiance_outage,down,231,0.5887445887445888,0.31125541125541123,13.48605728149414,37.094215393066406
q3_2020,1,robust_risk_mondrian,irradiance_outage,up,223,0.5515695067264574,0.3484304932735426,14.4670991897583,35.18400573730469
q3_2020,1,robust_risk_mondrian,recent_power_outage,down,231,0.7835497835497836,0.11645021645021647,18.215862274169922,29.95823097229004
q3_2020,1,robust_risk_mondrian,recent_power_outage,up,223,0.8161434977578476,0.08385650224215246,18.174274444580078,25.75739288330078
q3_2020,1,robust_risk_mondrian,weather_outage,down,231,0.6060606060606061,0.29393939393939394,13.496634483337402,39.174346923828125
q3_2020,1,robust_risk_mondrian,weather_outage,up,223,0.6188340807174888,0.2811659192825112,14.398394584655762,31.381135940551758
q3_2020,1,robust_rolling_cqr,clean,down,231,0.5367965367965368,0.3632034632034632,12.400012016296387,41.14009475708008
q3_2020,1,robust_rolling_cqr,clean,up,223,0.5201793721973094,0.37982062780269066,13.185823440551758,35.97426223754883
q3_2020,1,robust_rolling_cqr,combined_outage,down,231,0.7229437229437229,0.17705627705627713,15.421693801879883,33.78984832763672
q3_2020,1,robust_rolling_cqr,combined_outage,up,223,0.6233183856502242,0.2766816143497758,14.62497615814209,37.35121154785156
q3_2020,1,robust_rolling_cqr,irradiance_outage,down,231,0.5151515151515151,0.3848484848484849,12.16593074798584,41.176212310791016
q3_2020,1,robust_rolling_cqr,irradiance_outage,up,223,0.4304932735426009,0.4695067264573991,12.730367660522461,42.10700225830078
q3_2020,1,robust_rolling_cqr,recent_power_outage,down,231,0.7229437229437229,0.17705627705627713,15.538246154785156,34.52950668334961
q3_2020,1,robust_rolling_cqr,recent_power_outage,up,223,0.7219730941704036,0.17802690582959646,15.159588813781738,29.268329620361328
q3_2020,1,robust_rolling_cqr,weather_outage,down,231,0.5670995670995671,0.3329004329004329,12.570198059082031,41.53912353515625
q3_2020,1,robust_rolling_cqr,weather_outage,up,223,0.547085201793722,0.352914798206278,13.280242919921875,34.68538284301758
q3_2020,4,clean_condition_cqr,clean,down,487,0.7700205338809035,0.1299794661190965,9.27027702331543,29.89520263671875
q3_2020,4,clean_condition_cqr,clean,up,514,0.7217898832684825,0.17821011673151754,12.018866539001465,31.54191017150879
q3_2020,4,clean_condition_cqr,combined_outage,down,487,1.0,0.0,26.58485221862793,26.58485221862793
q3_2020,4,clean_condition_cqr,combined_outage,up,514,0.9241245136186771,0.0,39.76325988769531,42.820762634277344
q3_2020,4,clean_condition_cqr,irradiance_outage,down,487,0.9096509240246407,0.0,13.83996295928955,22.25330352783203
q3_2020,4,clean_condition_cqr,irradiance_outage,up,514,0.7645914396887159,0.13540856031128412,14.17004680633545,29.249828338623047
q3_2020,4,clean_condition_cqr,recent_power_outage,down,487,1.0,0.0,28.79491424560547,28.79491424560547
q3_2020,4,clean_condition_cqr,recent_power_outage,up,514,0.9124513618677043,0.0,37.13042449951172,40.497833251953125
q3_2020,4,clean_condition_cqr,weather_outage,down,487,0.8234086242299795,0.07659137577002051,10.344378471374512,27.26920509338379
q3_2020,4,clean_condition_cqr,weather_outage,up,514,0.754863813229572,0.14513618677042806,12.358241081237793,31.206298828125
q3_2020,4,lgbm_condition_cqr,clean,down,487,0.8418891170431212,0.05811088295687883,10.292391777038574,17.034404754638672
q3_2020,4,lgbm_condition_cqr,clean,up,514,0.7840466926070039,0.11595330739299614,17.967647552490234,23.909889221191406
q3_2020,4,lgbm_condition_cqr,combined_outage,down,487,0.997946611909651,0.0,20.702877044677734,20.71483612060547
q3_2020,4,lgbm_condition_cqr,combined_outage,up,514,0.9571984435797666,0.0,30.092426300048828,30.854835510253906
q3_2020,4,lgbm_condition_cqr,irradiance_outage,down,487,0.8973305954825462,0.0026694045174537884,12.363986015319824,15.071126937866211
q3_2020,4,lgbm_condition_cqr,irradiance_outage,up,514,0.8754863813229572,0.024513618677042825,20.200340270996094,23.761550903320312
q3_2020,4,lgbm_condition_cqr,recent_power_outage,down,487,0.997946611909651,0.0,18.083438873291016,18.08974266052246
q3_2020,4,lgbm_condition_cqr,recent_power_outage,up,514,0.9085603112840467,0.0,24.62956428527832,27.032773971557617
q3_2020,4,lgbm_condition_cqr,weather_outage,down,487,0.8418891170431212,0.05811088295687883,10.64798641204834,17.29515838623047
q3_2020,4,lgbm_condition_cqr,weather_outage,up,514,0.8424124513618677,0.05758754863813231,18.466644287109375,23.22886085510254
q3_2020,4,oracle_ramp_mondrian,clean,down,487,0.9260780287474333,0.0,14.804957389831543,20.50560760498047
q3_2020,4,oracle_ramp_mondrian,clean,up,514,0.9299610894941635,0.0,17.212783813476562,21.269567489624023
q3_2020,4,oracle_ramp_mondrian,combined_outage,down,487,0.917864476386037,0.0,16.419713973999023,24.031827926635742
q3_2020,4,oracle_ramp_mondrian,combined_outage,up,514,0.933852140077821,0.0,16.439556121826172,20.08563995361328
q3_2020,4,oracle_ramp_mondrian,irradiance_outage,down,487,0.9301848049281314,0.0,15.736824989318848,20.373516082763672
q3_2020,4,oracle_ramp_mondrian,irradiance_outage,up,514,0.9377431906614786,0.0,17.560096740722656,20.90808868408203
q3_2020,4,oracle_ramp_mondrian,recent_power_outage,down,487,0.9096509240246407,0.0,15.389287948608398,21.010086059570312
q3_2020,4,oracle_ramp_mondrian,recent_power_outage,up,514,0.9319066147859922,0.0,17.284019470214844,21.79770851135254
q3_2020,4,oracle_ramp_mondrian,weather_outage,down,487,0.9281314168377823,0.0,14.979179382324219,20.566633224487305
q3_2020,4,oracle_ramp_mondrian,weather_outage,up,514,0.9396887159533074,0.0,17.078554153442383,20.458696365356445
q3_2020,4,persistence_condition_cqr,clean,down,487,0.3080082135523614,0.5919917864476386,21.725627899169922,55.41558837890625
q3_2020,4,persistence_condition_cqr,clean,up,514,0.26459143968871596,0.635408560311284,19.415464401245117,60.33528518676758
q3_2020,4,persistence_condition_cqr,combined_outage,down,487,0.6981519507186859,0.20184804928131417,42.27515411376953,61.0523567199707
q3_2020,4,persistence_condition_cqr,combined_outage,up,514,0.7626459143968871,0.1373540856031129,29.586362838745117,43.90122604370117
q3_2020,4,persistence_condition_cqr,irradiance_outage,down,487,0.3080082135523614,0.5919917864476386,21.725627899169922,55.41558837890625
q3_2020,4,persistence_condition_cqr,irradiance_outage,up,514,0.26459143968871596,0.635408560311284,19.415464401245117,60.33528518676758
q3_2020,4,persistence_condition_cqr,recent_power_outage,down,487,0.6981519507186859,0.20184804928131417,42.27515411376953,61.0523567199707
q3_2020,4,persistence_condition_cqr,recent_power_outage,up,514,0.7626459143968871,0.1373540856031129,29.586362838745117,43.90122604370117
q3_2020,4,persistence_condition_cqr,weather_outage,down,487,0.3080082135523614,0.5919917864476386,21.725627899169922,55.41558837890625
q3_2020,4,persistence_condition_cqr,weather_outage,up,514,0.26459143968871596,0.635408560311284,19.415464401245117,60.33528518676758
q3_2020,4,robust_condition_cqr,clean,down,487,0.8357289527720739,0.06427104722792609,10.077478408813477,21.190366744995117
q3_2020,4,robust_condition_cqr,clean,up,514,0.8054474708171206,0.09455252918287937,12.309369087219238,22.17168426513672
q3_2020,4,robust_condition_cqr,combined_outage,down,487,0.9055441478439425,0.0,15.123559951782227,24.051544189453125
q3_2020,4,robust_condition_cqr,combined_outage,up,514,0.9202334630350194,0.0,14.972352027893066,19.695316314697266
q3_2020,4,robust_condition_cqr,irradiance_outage,down,487,0.8788501026694046,0.02114989733059547,11.246795654296875,20.075037002563477
q3_2020,4,robust_condition_cqr,irradiance_outage,up,514,0.8268482490272373,0.07315175097276272,12.8146390914917,21.051897048950195
q3_2020,4,robust_condition_cqr,recent_power_outage,down,487,0.8788501026694046,0.02114989733059547,12.83419418334961,21.435243606567383
q3_2020,4,robust_condition_cqr,recent_power_outage,up,514,0.8832684824902723,0.016731517509727678,14.504616737365723,21.499807357788086
q3_2020,4,robust_condition_cqr,weather_outage,down,487,0.8726899383983573,0.027310061601642732,10.55993938446045,20.48518180847168
q3_2020,4,robust_condition_cqr,weather_outage,up,514,0.8249027237354085,0.0750972762645915,12.458902359008789,20.516695022583008
q3_2020,4,robust_local_cqr,clean,down,487,0.8480492813141683,0.051950718685831676,10.279513359069824,20.03514862060547
q3_2020,4,robust_local_cqr,clean,up,514,0.9221789883268483,0.0,16.745519638061523,21.81499671936035
q3_2020,4,robust_local_cqr,combined_outage,down,487,0.8870636550308009,0.012936344969199154,13.180092811584473,22.316381454467773
q3_2020,4,robust_local_cqr,combined_outage,up,514,0.9708171206225681,0.0,17.739398956298828,19.30516815185547
q3_2020,4,robust_local_cqr,irradiance_outage,down,487,0.8829568788501027,0.017043121149897367,11.338483810424805,18.910978317260742
q3_2020,4,robust_local_cqr,irradiance_outage,up,514,0.9299610894941635,0.0,17.571001052856445,21.417823791503906
q3_2020,4,robust_local_cqr,recent_power_outage,down,487,0.8788501026694046,0.02114989733059547,12.131550788879395,20.01858139038086
q3_2020,4,robust_local_cqr,recent_power_outage,up,514,0.953307392996109,0.0,19.518278121948242,22.3310489654541
q3_2020,4,robust_local_cqr,weather_outage,down,487,0.8870636550308009,0.012936344969199154,10.908587455749512,19.6192626953125
q3_2020,4,robust_local_cqr,weather_outage,up,514,0.9319066147859922,0.0,16.81254005432129,20.676782608032227
q3_2020,4,robust_risk_mondrian,clean,down,487,0.891170431211499,0.008829568788501052,11.94128131866455,21.1693115234375
q3_2020,4,robust_risk_mondrian,clean,up,514,0.8715953307392996,0.0284046692607004,14.224260330200195,21.293033599853516
q3_2020,4,robust_risk_mondrian,combined_outage,down,487,0.8993839835728953,0.0006160164271047375,15.07138442993164,25.668485641479492
q3_2020,4,robust_risk_mondrian,combined_outage,up,514,0.943579766536965,0.0,20.072383880615234,23.143798828125
q3_2020,4,robust_risk_mondrian,irradiance_outage,down,487,0.9075975359342916,0.0,13.558467864990234,21.11048698425293
q3_2020,4,robust_risk_mondrian,irradiance_outage,up,514,0.9085603112840467,0.0,15.336443901062012,20.437549591064453
q3_2020,4,robust_risk_mondrian,recent_power_outage,down,487,0.891170431211499,0.008829568788501052,14.406347274780273,22.474525451660156
q3_2020,4,robust_risk_mondrian,recent_power_outage,up,514,0.9124513618677043,0.0,16.941017150878906,22.188453674316406
q3_2020,4,robust_risk_mondrian,weather_outage,down,487,0.9075975359342916,0.0,12.34749698638916,20.90517234802246
q3_2020,4,robust_risk_mondrian,weather_outage,up,514,0.8929961089494164,0.007003891050583633,14.341267585754395,20.021068572998047
q3_2020,4,robust_rolling_cqr,clean,down,487,0.837782340862423,0.06221765913757704,9.890125274658203,21.32682228088379
q3_2020,4,robust_rolling_cqr,clean,up,514,0.7898832684824902,0.11011673151750978,12.100382804870605,22.491931915283203
q3_2020,4,robust_rolling_cqr,combined_outage,down,487,0.8952772073921971,0.00472279260780295,12.82114315032959,24.554702758789062
q3_2020,4,robust_rolling_cqr,combined_outage,up,514,0.8735408560311284,0.026459143968871612,12.43321704864502,19.714393615722656
q3_2020,4,robust_rolling_cqr,irradiance_outage,down,487,0.8747433264887063,0.02525667351129368,10.93284797668457,20.184579849243164
q3_2020,4,robust_rolling_cqr,irradiance_outage,up,514,0.8171206225680934,0.08287937743190665,12.447089195251465,21.387645721435547
q3_2020,4,robust_rolling_cqr,recent_power_outage,down,487,0.8583162217659137,0.04168377823408631,11.282336235046387,21.966358184814453
q3_2020,4,robust_rolling_cqr,recent_power_outage,up,514,0.8210116731517509,0.07898832684824908,12.870986938476562,22.308305740356445
q3_2020,4,robust_rolling_cqr,weather_outage,down,487,0.8685831622176592,0.031416837782340834,10.28902816772461,20.517194747924805
q3_2020,4,robust_rolling_cqr,weather_outage,up,514,0.8093385214007782,0.0906614785992218,12.176664352416992,20.88812828063965
q4_2020,1,clean_condition_cqr,clean,down,171,0.2982456140350877,0.6017543859649124,8.206714630126953,50.211307525634766
q4_2020,1,clean_condition_cqr,clean,up,177,0.4858757062146893,0.41412429378531074,8.175658226013184,29.993906021118164
q4_2020,1,clean_condition_cqr,combined_outage,down,171,1.0,0.0,34.83013916015625,34.83013916015625
q4_2020,1,clean_condition_cqr,combined_outage,up,177,0.9548022598870056,0.0,36.627288818359375,38.73574447631836
q4_2020,1,clean_condition_cqr,irradiance_outage,down,171,0.8362573099415205,0.06374269005847955,12.607025146484375,18.910400390625
q4_2020,1,clean_condition_cqr,irradiance_outage,up,177,0.4124293785310734,0.4875706214689266,9.59891128540039,36.67959213256836
q4_2020,1,clean_condition_cqr,recent_power_outage,down,171,1.0,0.0,37.04754638671875,37.04754638671875
q4_2020,1,clean_condition_cqr,recent_power_outage,up,177,0.9548022598870056,0.0,38.587093353271484,40.99961853027344
q4_2020,1,clean_condition_cqr,weather_outage,down,171,0.21637426900584794,0.683625730994152,8.252533912658691,52.545127868652344
q4_2020,1,clean_condition_cqr,weather_outage,up,177,0.423728813559322,0.476271186440678,8.336618423461914,32.2031135559082
q4_2020,1,lgbm_condition_cqr,clean,down,171,0.24561403508771928,0.6543859649122807,9.716207504272461,41.604610443115234
q4_2020,1,lgbm_condition_cqr,clean,up,177,0.5536723163841808,0.3463276836158192,10.844932556152344,26.328590393066406
q4_2020,1,lgbm_condition_cqr,combined_outage,down,171,1.0,0.0,35.65386962890625,35.65386962890625
q4_2020,1,lgbm_condition_cqr,combined_outage,up,177,0.96045197740113,0.0,36.98934555053711,38.649723052978516
q4_2020,1,lgbm_condition_cqr,irradiance_outage,down,171,0.7076023391812866,0.19239766081871346,13.196564674377441,20.72380828857422
q4_2020,1,lgbm_condition_cqr,irradiance_outage,up,177,0.655367231638418,0.244632768361582,12.997954368591309,26.429704666137695
q4_2020,1,lgbm_condition_cqr,recent_power_outage,down,171,1.0,0.0,33.72430419921875,33.72430419921875
q4_2020,1,lgbm_condition_cqr,recent_power_outage,up,177,0.9548022598870056,0.0,34.806365966796875,36.723934173583984
q4_2020,1,lgbm_condition_cqr,weather_outage,down,171,0.2046783625730994,0.6953216374269007,9.617963790893555,42.352622985839844
q4_2020,1,lgbm_condition_cqr,weather_outage,up,177,0.5423728813559322,0.3576271186440678,10.814972877502441,26.54458999633789
q4_2020,1,oracle_ramp_mondrian,clean,down,171,0.9005847953216374,0.0,19.291255950927734,24.833484649658203
q4_2020,1,oracle_ramp_mondrian,clean,up,177,0.96045197740113,0.0,18.914457321166992,19.773611068725586
q4_2020,1,oracle_ramp_mondrian,combined_outage,down,171,0.8596491228070176,0.04035087719298247,22.263456344604492,31.174970626831055
q4_2020,1,oracle_ramp_mondrian,combined_outage,up,177,0.9717514124293786,0.0,19.474355697631836,20.360815048217773
q4_2020,1,oracle_ramp_mondrian,irradiance_outage,down,171,0.9181286549707602,0.0,21.12928581237793,25.776853561401367
q4_2020,1,oracle_ramp_mondrian,irradiance_outage,up,177,0.9887005649717514,0.0,19.860708236694336,20.319355010986328
q4_2020,1,oracle_ramp_mondrian,recent_power_outage,down,171,0.847953216374269,0.05204678362573101,19.900053024291992,30.104772567749023
q4_2020,1,oracle_ramp_mondrian,recent_power_outage,up,177,0.9322033898305084,0.0,18.13743019104004,20.26895523071289
q4_2020,1,oracle_ramp_mondrian,weather_outage,down,171,0.8771929824561403,0.02280701754385972,18.527544021606445,25.84104347229004
q4_2020,1,oracle_ramp_mondrian,weather_outage,up,177,0.9548022598870056,0.0,18.33957290649414,19.82874870300293
q4_2020,1,persistence_condition_cqr,clean,down,171,0.0,0.9,8.179994583129883,69.4593734741211
q4_2020,1,persistence_condition_cqr,clean,up,177,0.0,0.9,8.159207344055176,69.4058837890625
q4_2020,1,persistence_condition_cqr,combined_outage,down,171,0.6374269005847953,0.2625730994152047,35.89797592163086,66.7983169555664
q4_2020,1,persistence_condition_cqr,combined_outage,up,177,0.7457627118644068,0.15423728813559323,27.512502670288086,50.21073913574219
q4_2020,1,persistence_condition_cqr,irradiance_outage,down,171,0.0,0.9,8.179994583129883,69.4593734741211
q4_2020,1,persistence_condition_cqr,irradiance_outage,up,177,0.0,0.9,8.159207344055176,69.4058837890625
q4_2020,1,persistence_condition_cqr,recent_power_outage,down,171,0.6374269005847953,0.2625730994152047,35.89797592163086,66.7983169555664
q4_2020,1,persistence_condition_cqr,recent_power_outage,up,177,0.7457627118644068,0.15423728813559323,27.512502670288086,50.21073913574219
q4_2020,1,persistence_condition_cqr,weather_outage,down,171,0.0,0.9,8.179994583129883,69.4593734741211
q4_2020,1,persistence_condition_cqr,weather_outage,up,177,0.0,0.9,8.159207344055176,69.4058837890625
q4_2020,1,robust_condition_cqr,clean,down,171,0.49122807017543857,0.40877192982456145,10.007834434509277,39.093082427978516
q4_2020,1,robust_condition_cqr,clean,up,177,0.6666666666666666,0.2333333333333334,9.652721405029297,22.50062370300293
q4_2020,1,robust_condition_cqr,combined_outage,down,171,0.5672514619883041,0.3327485380116959,14.912559509277344,42.75010299682617
q4_2020,1,robust_condition_cqr,combined_outage,up,177,0.6779661016949152,0.2220338983050848,12.11529541015625,22.291261672973633
q4_2020,1,robust_condition_cqr,irradiance_outage,down,171,0.5614035087719298,0.33859649122807023,11.182411193847656,36.757110595703125
q4_2020,1,robust_condition_cqr,irradiance_outage,up,177,0.6666666666666666,0.2333333333333334,9.94420051574707,22.960451126098633
q4_2020,1,robust_condition_cqr,recent_power_outage,down,171,0.6023391812865497,0.2976608187134503,14.110431671142578,39.193172454833984
q4_2020,1,robust_condition_cqr,recent_power_outage,up,177,0.7796610169491526,0.12033898305084745,12.356657981872559,21.801393508911133
q4_2020,1,robust_condition_cqr,weather_outage,down,171,0.47953216374269003,0.42046783625731,10.02089786529541,40.67617416381836
q4_2020,1,robust_condition_cqr,weather_outage,up,177,0.6440677966101694,0.2559322033898306,9.858885765075684,22.528703689575195
q4_2020,1,robust_local_cqr,clean,down,171,0.6023391812865497,0.2976608187134503,11.383340835571289,35.732173919677734
q4_2020,1,robust_local_cqr,clean,up,177,0.7796610169491526,0.12033898305084745,11.452469825744629,20.434675216674805
q4_2020,1,robust_local_cqr,combined_outage,down,171,0.7192982456140351,0.18070175438596492,17.638505935668945,37.92844772338867
q4_2020,1,robust_local_cqr,combined_outage,up,177,0.7005649717514124,0.1994350282485876,13.219983100891113,21.619882583618164
q4_2020,1,robust_local_cqr,irradiance_outage,down,171,0.695906432748538,0.204093567251462,12.822891235351562,33.83326721191406
q4_2020,1,robust_local_cqr,irradiance_outage,up,177,0.7627118644067796,0.1372881355932204,12.049847602844238,19.985946655273438
q4_2020,1,robust_local_cqr,recent_power_outage,down,171,0.672514619883041,0.22748538011695907,15.477288246154785,36.5359001159668
q4_2020,1,robust_local_cqr,recent_power_outage,up,177,0.8418079096045198,0.058192090395480234,13.870757102966309,20.627714157104492
q4_2020,1,robust_local_cqr,weather_outage,down,171,0.5614035087719298,0.33859649122807023,11.25533676147461,37.15221405029297
q4_2020,1,robust_local_cqr,weather_outage,up,177,0.7570621468926554,0.14293785310734464,11.597393989562988,20.359477996826172
q4_2020,1,robust_risk_mondrian,clean,down,171,0.6140350877192983,0.28596491228070176,11.650078773498535,36.02745056152344
q4_2020,1,robust_risk_mondrian,clean,up,177,0.768361581920904,0.13163841807909604,11.686421394348145,20.359460830688477
q4_2020,1,robust_risk_mondrian,combined_outage,down,171,0.5847953216374269,0.31520467836257315,15.305052757263184,40.97908020019531
q4_2020,1,robust_risk_mondrian,combined_outage,up,177,0.7796610169491526,0.12033898305084745,13.462915420532227,19.31810760498047
q4_2020,1,robust_risk_mondrian,irradiance_outage,down,171,0.6783625730994152,0.22163742690058486,13.151214599609375,33.8439826965332
q4_2020,1,robust_risk_mondrian,irradiance_outage,up,177,0.7853107344632768,0.1146892655367232,12.372036933898926,19.480148315429688
q4_2020,1,robust_risk_mondrian,recent_power_outage,down,171,0.631578947368421,0.268421052631579,14.62237548828125,38.33430862426758
q4_2020,1,robust_risk_mondrian,recent_power_outage,up,177,0.847457627118644,0.05254237288135599,13.498022079467773,20.56007194519043
q4_2020,1,robust_risk_mondrian,weather_outage,down,171,0.5497076023391813,0.35029239766081877,11.233404159545898,37.50625228881836
q4_2020,1,robust_risk_mondrian,weather_outage,up,177,0.7796610169491526,0.12033898305084745,11.539083480834961,20.274730682373047
q4_2020,1,robust_rolling_cqr,clean,down,171,0.49122807017543857,0.40877192982456145,10.00783634185791,39.09308624267578
q4_2020,1,robust_rolling_cqr,clean,up,177,0.6666666666666666,0.2333333333333334,9.65272331237793,22.500625610351562
q4_2020,1,robust_rolling_cqr,combined_outage,down,171,0.5672514619883041,0.3327485380116959,14.544482231140137,43.5300178527832
q4_2020,1,robust_rolling_cqr,combined_outage,up,177,0.6497175141242938,0.25028248587570623,11.955029487609863,24.667863845825195
q4_2020,1,robust_rolling_cqr,irradiance_outage,down,171,0.5614035087719298,0.33859649122807023,11.182411193847656,36.757110595703125
q4_2020,1,robust_rolling_cqr,irradiance_outage,up,177,0.6666666666666666,0.2333333333333334,9.94420051574707,22.960451126098633
q4_2020,1,robust_rolling_cqr,recent_power_outage,down,171,0.631578947368421,0.268421052631579,14.608116149902344,37.668338775634766
q4_2020,1,robust_rolling_cqr,recent_power_outage,up,177,0.7966101694915254,0.10338983050847461,13.055583953857422,21.23649024963379
q4_2020,1,robust_rolling_cqr,weather_outage,down,171,0.47953216374269003,0.42046783625731,10.02089786529541,40.67617416381836
q4_2020,1,robust_rolling_cqr,weather_outage,up,177,0.6440677966101694,0.2559322033898306,9.859039306640625,22.528133392333984
q4_2020,4,clean_condition_cqr,clean,down,579,0.7616580310880829,0.13834196891191708,10.50596809387207,36.798824310302734
q4_2020,4,clean_condition_cqr,clean,up,584,0.7945205479452054,0.10547945205479459,11.169106483459473,21.475553512573242
q4_2020,4,clean_condition_cqr,combined_outage,down,579,1.0,0.0,28.315536499023438,28.315536499023438
q4_2020,4,clean_condition_cqr,combined_outage,up,584,0.976027397260274,0.0,37.19011688232422,38.04161071777344
q4_2020,4,clean_condition_cqr,irradiance_outage,down,579,0.8842832469775475,0.015716753022452568,12.908451080322266,27.0189266204834
q4_2020,4,clean_condition_cqr,irradiance_outage,up,584,0.8253424657534246,0.0746575342465754,14.850619316101074,23.15176773071289
q4_2020,4,clean_condition_cqr,recent_power_outage,down,579,1.0,0.0,30.76641845703125,30.76641845703125
q4_2020,4,clean_condition_cqr,recent_power_outage,up,584,0.9794520547945206,0.0,37.80009078979492,38.80583572387695
q4_2020,4,clean_condition_cqr,weather_outage,down,579,0.7012089810017271,0.1987910189982729,11.105916976928711,41.44081115722656
q4_2020,4,clean_condition_cqr,weather_outage,up,584,0.7191780821917808,0.1808219178082192,13.592972755432129,27.549856185913086
q4_2020,4,lgbm_condition_cqr,clean,down,579,0.6027633851468048,0.2972366148531952,12.491247177124023,26.216960906982422
q4_2020,4,lgbm_condition_cqr,clean,up,584,0.7277397260273972,0.1722602739726028,19.211910247802734,26.707677841186523
q4_2020,4,lgbm_condition_cqr,combined_outage,down,579,1.0,0.0,23.987274169921875,23.987274169921875
q4_2020,4,lgbm_condition_cqr,combined_outage,up,584,0.9811643835616438,0.0,32.97630310058594,33.337379455566406
q4_2020,4,lgbm_condition_cqr,irradiance_outage,down,579,0.8480138169257341,0.051986183074265946,14.31824779510498,19.2484073638916
q4_2020,4,lgbm_condition_cqr,irradiance_outage,up,584,0.8938356164383562,0.006164383561643838,21.350799560546875,23.61145782470703
q4_2020,4,lgbm_condition_cqr,recent_power_outage,down,579,1.0,0.0,22.57852554321289,22.57852554321289
q4_2020,4,lgbm_condition_cqr,recent_power_outage,up,584,0.9811643835616438,0.0,29.299924850463867,29.67133903503418
q4_2020,4,lgbm_condition_cqr,weather_outage,down,579,0.5595854922279793,0.34041450777202076,12.411375999450684,27.7914981842041
q4_2020,4,lgbm_condition_cqr,weather_outage,up,584,0.6815068493150684,0.21849315068493158,19.277191162109375,27.789546966552734
q4_2020,4,oracle_ramp_mondrian,clean,down,579,0.8842832469775475,0.015716753022452568,14.07938003540039,25.709001541137695
q4_2020,4,oracle_ramp_mondrian,clean,up,584,0.9263698630136986,0.0,13.60126781463623,17.868255615234375
q4_2020,4,oracle_ramp_mondrian,combined_outage,down,579,0.8411053540587219,0.058894645941278134,16.1474552154541,31.57442855834961
q4_2020,4,oracle_ramp_mondrian,combined_outage,up,584,0.8886986301369864,0.011301369863013666,14.047378540039062,17.877660751342773
q4_2020,4,oracle_ramp_mondrian,irradiance_outage,down,579,0.8877374784110535,0.012262521588946473,15.440030097961426,29.95326042175293
q4_2020,4,oracle_ramp_mondrian,irradiance_outage,up,584,0.9058219178082192,0.0,13.83439826965332,18.352025985717773
q4_2020,4,oracle_ramp_mondrian,recent_power_outage,down,579,0.8773747841105354,0.022625215889464645,14.7468900680542,26.793676376342773
q4_2020,4,oracle_ramp_mondrian,recent_power_outage,up,584,0.9092465753424658,0.0,14.246976852416992,18.50838851928711
q4_2020,4,oracle_ramp_mondrian,weather_outage,down,579,0.853195164075993,0.04680483592400697,13.37625789642334,27.773174285888672
q4_2020,4,oracle_ramp_mondrian,weather_outage,up,584,0.8835616438356164,0.016438356164383605,13.859474182128906,19.222673416137695
q4_2020,4,persistence_condition_cqr,clean,down,579,0.1692573402417962,0.7307426597582038,22.467300415039062,85.48384094238281
q4_2020,4,persistence_condition_cqr,clean,up,584,0.1678082191780822,0.7321917808219178,18.3625431060791,83.66606140136719
q4_2020,4,persistence_condition_cqr,combined_outage,down,579,0.5854922279792746,0.31450777202072544,40.53427505493164,89.81644439697266
q4_2020,4,persistence_condition_cqr,combined_outage,up,584,0.6541095890410958,0.24589041095890418,27.749338150024414,54.610435485839844
q4_2020,4,persistence_condition_cqr,irradiance_outage,down,579,0.1692573402417962,0.7307426597582038,22.467300415039062,85.48384094238281
q4_2020,4,persistence_condition_cqr,irradiance_outage,up,584,0.1678082191780822,0.7321917808219178,18.3625431060791,83.66606140136719
q4_2020,4,persistence_condition_cqr,recent_power_outage,down,579,0.5854922279792746,0.31450777202072544,40.53427505493164,89.81644439697266
q4_2020,4,persistence_condition_cqr,recent_power_outage,up,584,0.6541095890410958,0.24589041095890418,27.749338150024414,54.610435485839844
q4_2020,4,persistence_condition_cqr,weather_outage,down,579,0.1692573402417962,0.7307426597582038,22.467300415039062,85.48384094238281
q4_2020,4,persistence_condition_cqr,weather_outage,up,584,0.1678082191780822,0.7321917808219178,18.3625431060791,83.66606140136719
q4_2020,4,robust_condition_cqr,clean,down,579,0.7823834196891192,0.11761658031088085,10.442412376403809,28.314847946166992
q4_2020,4,robust_condition_cqr,clean,up,584,0.7756849315068494,0.12431506849315066,9.566564559936523,19.33497428894043
q4_2020,4,robust_condition_cqr,combined_outage,down,579,0.8255613126079447,0.07443868739205528,14.73869800567627,32.970497131347656
q4_2020,4,robust_condition_cqr,combined_outage,up,584,0.839041095890411,0.06095890410958904,12.35634708404541,18.521867752075195
q4_2020,4,robust_condition_cqr,irradiance_outage,down,579,0.8635578583765112,0.0364421416234888,12.900778770446777,30.932653427124023
q4_2020,4,robust_condition_cqr,irradiance_outage,up,584,0.8013698630136986,0.09863013698630141,10.94326114654541,19.540481567382812
q4_2020,4,robust_condition_cqr,recent_power_outage,down,579,0.8203799654576857,0.07962003454231437,12.370407104492188,28.330289840698242
q4_2020,4,robust_condition_cqr,recent_power_outage,up,584,0.7996575342465754,0.10034246575342465,11.61108684539795,19.578819274902344
q4_2020,4,robust_condition_cqr,weather_outage,down,579,0.7392055267702936,0.1607944732297064,10.52919864654541,30.553775787353516
q4_2020,4,robust_condition_cqr,weather_outage,up,584,0.7534246575342466,0.14657534246575343,10.788866996765137,21.576616287231445
q4_2020,4,robust_local_cqr,clean,down,579,0.8203799654576857,0.07962003454231437,11.497965812683105,27.25634765625
q4_2020,4,robust_local_cqr,clean,up,584,0.8732876712328768,0.02671232876712326,11.246657371520996,17.41108512878418
q4_2020,4,robust_local_cqr,combined_outage,down,579,0.842832469775475,0.05716753022452503,16.000764846801758,32.45174026489258
q4_2020,4,robust_local_cqr,combined_outage,up,584,0.9212328767123288,0.0,14.763993263244629,17.35332679748535
q4_2020,4,robust_local_cqr,irradiance_outage,down,579,0.8773747841105354,0.022625215889464645,13.87211799621582,29.86829376220703
q4_2020,4,robust_local_cqr,irradiance_outage,up,584,0.8664383561643836,0.03356164383561644,12.43458080291748,17.99542999267578
q4_2020,4,robust_local_cqr,recent_power_outage,down,579,0.8773747841105354,0.022625215889464645,14.635647773742676,27.89796257019043
q4_2020,4,robust_local_cqr,recent_power_outage,up,584,0.8818493150684932,0.018150684931506844,14.105037689208984,17.878387451171875
q4_2020,4,robust_local_cqr,weather_outage,down,579,0.8013816925734024,0.0986183074265976,11.914214134216309,29.093368530273438
q4_2020,4,robust_local_cqr,weather_outage,up,584,0.8595890410958904,0.04041095890410962,12.984359741210938,18.75757598876953
q4_2020,4,robust_risk_mondrian,clean,down,579,0.8238341968911918,0.07616580310880827,11.224000930786133,27.73880386352539
q4_2020,4,robust_risk_mondrian,clean,up,584,0.8236301369863014,0.07636986301369864,10.45887565612793,18.6186466217041
q4_2020,4,robust_risk_mondrian,combined_outage,down,579,0.8324697754749568,0.0675302245250432,15.19321060180664,32.57918930053711
q4_2020,4,robust_risk_mondrian,combined_outage,up,584,0.8253424657534246,0.0746575342465754,12.140973091125488,18.66283416748047
q4_2020,4,robust_risk_mondrian,irradiance_outage,down,579,0.8808290155440415,0.01917098445595855,14.203412055969238,30.93500328063965
q4_2020,4,robust_risk_mondrian,irradiance_outage,up,584,0.8595890410958904,0.04041095890410962,12.443262100219727,18.700115203857422
q4_2020,4,robust_risk_mondrian,recent_power_outage,down,579,0.846286701208981,0.05371329879101905,13.241859436035156,28.224611282348633
q4_2020,4,robust_risk_mondrian,recent_power_outage,up,584,0.8664383561643836,0.03356164383561644,12.910905838012695,18.67133903503418
q4_2020,4,robust_risk_mondrian,weather_outage,down,579,0.7962003454231433,0.10379965457685669,11.357902526855469,29.768802642822266
q4_2020,4,robust_risk_mondrian,weather_outage,up,584,0.803082191780822,0.09691780821917806,11.73521614074707,20.57449722290039
q4_2020,4,robust_rolling_cqr,clean,down,579,0.7789291882556131,0.12107081174438694,10.466955184936523,28.136991500854492
q4_2020,4,robust_rolling_cqr,clean,up,584,0.7791095890410958,0.12089041095890418,9.535152435302734,19.4373722076416
q4_2020,4,robust_rolling_cqr,combined_outage,down,579,0.8151986183074266,0.08480138169257345,14.506112098693848,31.572818756103516
q4_2020,4,robust_rolling_cqr,combined_outage,up,584,0.7431506849315068,0.1568493150684932,12.192402839660645,21.22469711303711
q4_2020,4,robust_rolling_cqr,irradiance_outage,down,579,0.8238341968911918,0.07616580310880827,12.504190444946289,30.94727897644043
q4_2020,4,robust_rolling_cqr,irradiance_outage,up,584,0.7654109589041096,0.13458904109589043,10.53258228302002,20.259624481201172
q4_2020,4,robust_rolling_cqr,recent_power_outage,down,579,0.8100172711571675,0.08998272884283254,12.806232452392578,27.30084228515625
q4_2020,4,robust_rolling_cqr,recent_power_outage,up,584,0.8013698630136986,0.09863013698630141,12.167267799377441,20.25387191772461
q4_2020,4,robust_rolling_cqr,weather_outage,down,579,0.7461139896373057,0.15388601036269434,10.796420097351074,29.98491096496582
q4_2020,4,robust_rolling_cqr,weather_outage,up,584,0.7602739726027398,0.13972602739726026,11.02149772644043,21.340999603271484
