fold,horizon_steps,method_base,condition,ramp_group,n_base,coverage_base,coverage_error_base,mean_width_base,median_width_base,interval_score_base,mae_base,rmse_base,undercoverage_error_base,overcoverage_error_base,normalized_width_base,normalized_interval_score_base,method_local,n_local,coverage_local,coverage_error_local,mean_width_local,median_width_local,interval_score_local,mae_local,rmse_local,undercoverage_error_local,overcoverage_error_local,normalized_width_local,normalized_interval_score_local,undercoverage_improvement,coverage_error_improvement,interval_score_change,width_change
q1_2020,1,robust_condition_cqr,clean,non_ramp,5567,0.9617388180348482,0.0617388180348481,4.447499525662773,3.5183067321777344,4.9839339597822825,0.678236407895992,1.4195805142116271,0.0,0.0617388180348481,0.0889499905132554,0.0996786791956456,robust_local_cqr,5567,0.976648104903898,0.0766481049038979,4.912574169816532,3.642037272453308,5.213469158409292,0.678236407895992,1.4195805142116271,0.0,0.0766481049038979,0.0982514833963306,0.1042693831681858,0.0,-0.014909286869049798,0.22953519862700933,0.4650746441537583
q1_2020,1,robust_condition_cqr,clean,ramp,257,0.5525291828793775,0.3474708171206225,10.094105740929392,8.980201721191406,33.547354948659816,5.107852599036369,6.256628269223423,0.3474708171206225,0.0,0.2018821148185878,0.6709470989731963,robust_local_cqr,257,0.6459143968871596,0.2540856031128404,11.733083660036671,10.613749980926514,30.03082090778573,5.107852599036369,6.256628269223423,0.2540856031128404,0.0,0.2346616732007334,0.6006164181557146,0.0933852140077821,0.0933852140077821,-3.5165340408740846,1.6389779191072797
q1_2020,1,robust_condition_cqr,combined_outage,non_ramp,5567,0.9091072390874798,0.0091072390874797,7.0483001949853135,6.998736381530762,12.48096856446194,1.8422036654620544,3.7347967315103343,0.0,0.0091072390874797,0.1409660038997062,0.2496193712892387,robust_local_cqr,5567,0.9281480150889168,0.0281480150889168,7.886546912732512,7.205574035644531,11.611166500354887,1.8422036654620544,3.7347967315103343,0.0,0.0281480150889168,0.1577309382546502,0.2322233300070977,0.0,-0.0190407760014371,-0.8698020641070521,0.8382467177471984
q1_2020,1,robust_condition_cqr,combined_outage,ramp,257,0.669260700389105,0.230739299610895,12.53116736361025,12.200400352478027,32.06500042945958,5.254242462870676,6.7621746635062365,0.230739299610895,0.0,0.250623347272205,0.6413000085891916,robust_local_cqr,257,0.7782101167315175,0.1217898832684825,14.774828531630773,13.873522758483888,29.122637866767928,5.254242462870676,6.7621746635062365,0.1217898832684825,0.0,0.2954965706326155,0.5824527573353585,0.10894941634241251,0.10894941634241251,-2.9423625626916525,2.243661168020523
q1_2020,1,robust_condition_cqr,irradiance_outage,non_ramp,5567,0.9585054787138496,0.0585054787138494,5.118412608205397,4.382835388183594,5.67648213887041,0.7803590918357652,1.598096605024169,0.0,0.0585054787138494,0.1023682521641079,0.1135296427774082,robust_local_cqr,5567,0.980240704149452,0.080240704149452,5.651019248138963,4.705583572387695,5.938735287664818,0.7803590918357652,1.598096605024169,0.0,0.080240704149452,0.1130203849627792,0.1187747057532963,0.0,-0.0217352254356026,0.2622531487944073,0.532606639933566
q1_2020,1,robust_condition_cqr,irradiance_outage,ramp,257,0.5330739299610895,0.3669260700389105,10.752868323474544,10.131298065185549,34.6969136426421,5.367470049208704,6.503948769421847,0.3669260700389105,0.0,0.2150573664694908,0.693938272852842,robust_local_cqr,257,0.669260700389105,0.230739299610895,12.34527972792837,11.458091735839844,31.258228956029573,5.367470049208704,6.503948769421847,0.230739299610895,0.0,0.2469055945585674,0.6251645791205914,0.13618677042801547,0.13618677042801547,-3.438684686612529,1.5924114044538253
q1_2020,1,robust_condition_cqr,recent_power_outage,non_ramp,5567,0.9285072750134724,0.0285072750134722,6.688716251640653,6.612615950405598,11.335308643875171,1.5766525508488094,3.5215576014557555,0.0,0.0285072750134722,0.133774325032813,0.2267061728775034,robust_local_cqr,5567,0.938386922938746,0.0383869229387461,7.12920612745603,6.927238464355469,11.218350545762023,1.5766525508488094,3.5215576014557555,0.0,0.0383869229387461,0.1425841225491206,0.2243670109152405,0.0,-0.009879647925273898,-0.11695809811314817,0.440489875815377
q1_2020,1,robust_condition_cqr,recent_power_outage,ramp,257,0.7237354085603113,0.1762645914396887,12.56558721956112,11.744510650634766,29.40845707835854,4.900049499036737,6.332669151575552,0.1762645914396887,0.0,0.2513117443912224,0.5881691415671708,robust_local_cqr,257,0.7665369649805448,0.1334630350194552,13.691341372315522,12.876895904541016,27.52274868182171,4.900049499036737,6.332669151575552,0.1334630350194552,0.0,0.2738268274463104,0.5504549736364343,0.042801556420233505,0.042801556420233505,-1.885708396536831,1.1257541527544017
q1_2020,1,robust_condition_cqr,weather_outage,non_ramp,5567,0.963714747619903,0.0637147476199029,4.663681807831013,3.744304656982422,5.170790458353547,0.6958327055851651,1.4359712048283235,0.0,0.0637147476199029,0.0932736361566202,0.1034158091670709,robust_local_cqr,5567,0.9762888449793424,0.0762888449793425,5.124030096067958,3.896210670471192,5.420639339128928,0.6958327055851651,1.4359712048283235,0.0,0.0762888449793425,0.1024806019213591,0.1084127867825785,0.0,-0.01257409735943961,0.2498488807753807,0.4603482882369452
q1_2020,1,robust_condition_cqr,weather_outage,ramp,257,0.5680933852140078,0.3319066147859922,10.377565031849455,9.38654327392578,32.973998797542855,5.266590092432638,6.309164741446045,0.3319066147859922,0.0,0.2075513006369891,0.6594799759508571,robust_local_cqr,257,0.6614785992217899,0.2385214007782101,11.859582109673942,10.93301486968994,29.41591954787881,5.266590092432638,6.309164741446045,0.2385214007782101,0.0,0.2371916421934788,0.5883183909575763,0.0933852140077821,0.0933852140077821,-3.5580792496640434,1.4820170778244872
q1_2020,4,robust_condition_cqr,clean,non_ramp,4593,0.9261920313520576,0.0261920313520575,7.305304332404784,4.747216701507568,10.64396645367372,1.714147022238323,3.467874403261088,0.0,0.0261920313520575,0.1461060866480956,0.2128793290734744,robust_local_cqr,4593,0.952971913781842,0.0529719137818419,8.246907010204387,4.996923983097076,10.19147837044192,1.714147022238323,3.467874403261088,0.0,0.0529719137818419,0.1649381402040877,0.2038295674088384,0.0,-0.0267798824297844,-0.452488083231799,0.9416026777996027
q1_2020,4,robust_condition_cqr,clean,ramp,1231,0.8659626320064988,0.0340373679935012,10.386486466483392,9.389242172241213,22.9181684181968,2.9640718612439363,5.5392071476142215,0.0340373679935012,0.0,0.2077297293296678,0.458363368363936,robust_local_cqr,1231,0.9106417546709992,0.0106417546709991,12.595922552018708,11.374671936035156,22.549846122986853,2.9640718612439363,5.5392071476142215,0.0,0.0106417546709991,0.2519184510403741,0.450996922459737,0.0340373679935012,0.023395613322502097,-0.3683222952099463,2.209436085535316
q1_2020,4,robust_condition_cqr,combined_outage,non_ramp,4593,0.9266274765948184,0.0266274765948182,9.803822553280035,8.193297386169434,14.492881913307867,2.3096457406570616,4.44144905129313,0.0,0.0266274765948182,0.1960764510656007,0.2898576382661574,robust_local_cqr,4593,0.9270629218375788,0.0270629218375788,9.509643292358543,7.088025867938995,13.532047407282956,2.3096457406570616,4.44144905129313,0.0,0.0270629218375788,0.1901928658471709,0.2706409481456591,0.0,-0.00043544524276060287,-0.960834506024911,-0.29417926092149216
q1_2020,4,robust_condition_cqr,combined_outage,ramp,1231,0.8505280259951259,0.0494719740048741,14.322355884883876,13.586194515228271,26.241745635955635,3.994119687912612,5.990238832403612,0.0494719740048741,0.0,0.2864471176976775,0.5248349127191126,robust_local_cqr,1231,0.8895207148659626,0.0104792851340373,15.23154904106768,14.695428133010864,25.30845168779947,3.994119687912612,5.990238832403612,0.0104792851340373,0.0,0.3046309808213536,0.5061690337559894,0.0389926888708368,0.0389926888708368,-0.933293948156166,0.9091931561838038
q1_2020,4,robust_condition_cqr,irradiance_outage,non_ramp,4593,0.929022425430002,0.0290224254300021,8.412009873462935,6.18024155497551,11.697789648093158,1.8806203337959544,3.722242581441746,0.0,0.0290224254300021,0.1682401974692587,0.2339557929618631,robust_local_cqr,4593,0.95188330067494,0.05188330067494,9.050346923227847,6.106517791748047,11.196986308316363,1.8806203337959544,3.722242581441746,0.0,0.05188330067494,0.1810069384645569,0.2239397261663272,0.0,-0.0228608752449379,-0.5008033397767946,0.6383370497649121
q1_2020,4,robust_condition_cqr,irradiance_outage,ramp,1231,0.875710804224208,0.024289195775792,12.080462559959289,11.340816497802734,23.74106647134596,3.156119564967646,5.650267857031189,0.024289195775792,0.0,0.2416092511991857,0.4748213294269192,robust_local_cqr,1231,0.9106417546709992,0.0106417546709991,13.84346802020786,13.0068359375,22.829574268346065,3.156119564967646,5.650267857031189,0.0,0.0106417546709991,0.2768693604041572,0.4565914853669213,0.024289195775792,0.0136474411047929,-0.9114922029998951,1.7630054602485714
q1_2020,4,robust_condition_cqr,recent_power_outage,non_ramp,4593,0.8937513607663836,0.0062486392336164,8.403401747991138,5.901415824890137,13.82162472905602,2.264265380480994,4.262405124044213,0.0062486392336164,0.0,0.1680680349598227,0.2764324945811204,robust_local_cqr,4593,0.9279338123231003,0.0279338123231003,9.42601823385974,6.486880302429199,12.937962841945094,2.264265380480994,4.262405124044213,0.0,0.0279338123231003,0.1885203646771948,0.2587592568389019,0.0062486392336164,-0.021685173089483898,-0.883661887110927,1.0226164858686015
q1_2020,4,robust_condition_cqr,recent_power_outage,ramp,1231,0.8846466287571081,0.0153533712428919,12.075497966928516,11.726557731628418,22.72575457860768,3.1841382682811434,5.442059865796942,0.0153533712428919,0.0,0.2415099593385702,0.4545150915721535,robust_local_cqr,1231,0.9187652315190902,0.0187652315190901,14.286049118110038,13.076638221740724,23.085106103921238,3.1841382682811434,5.442059865796942,0.0,0.0187652315190901,0.2857209823622007,0.4617021220784247,0.0153533712428919,-0.0034118602761982007,0.3593515253135564,2.2105511511815212
q1_2020,4,robust_condition_cqr,weather_outage,non_ramp,4593,0.943392118441106,0.043392118441106,7.767868638644106,5.308915615081787,10.273411078669737,1.7203145048145183,3.5290326694826204,0.0,0.043392118441106,0.1553573727728821,0.2054682215733947,robust_local_cqr,4593,0.9595035924232528,0.0595035924232527,8.448569214967508,5.426299571990967,10.00735157168206,1.7203145048145183,3.5290326694826204,0.0,0.0595035924232527,0.1689713842993501,0.2001470314336412,0.0,-0.0161114739821467,-0.266059506987677,0.6807005763234022
q1_2020,4,robust_condition_cqr,weather_outage,ramp,1231,0.859463850528026,0.040536149471974,11.432722824929051,10.621338367462158,24.559554860115377,3.291024192938071,5.669376962687181,0.040536149471974,0.0,0.228654456498581,0.4911910972023075,robust_local_cqr,1231,0.9017059301380992,0.001705930138099,13.442013823312736,12.280471682548525,24.026253428234217,3.291024192938071,5.669376962687181,0.0,0.001705930138099,0.2688402764662547,0.4805250685646843,0.040536149471974,0.038830219333875,-0.53330143188116,2.009290998383685
q2_2020,1,robust_condition_cqr,clean,non_ramp,5488,0.9526239067055392,0.0526239067055392,5.828968852453156,4.492166638374329,6.487796923374408,0.9831039178153176,1.7365668179576148,0.0,0.0526239067055392,0.1165793770490631,0.1297559384674881,robust_local_cqr,5488,0.9639212827988338,0.0639212827988338,6.2691049242817325,4.596920967102051,6.757377532621571,0.9831039178153176,1.7365668179576148,0.0,0.0639212827988338,0.1253820984856346,0.1351475506524314,0.0,-0.011297376093294599,0.26958060924716243,0.4401360718285767
q2_2020,1,robust_condition_cqr,clean,ramp,336,0.4910714285714285,0.4089285714285715,12.270190630995092,12.668638706207275,42.004519169174486,6.680002219265416,7.634602837168875,0.4089285714285715,0.0,0.2454038126199018,0.8400903833834897,robust_local_cqr,336,0.5625,0.3375,13.234891652351331,13.879869937896729,38.94289250388032,6.680002219265416,7.634602837168875,0.3375,0.0,0.2646978330470266,0.7788578500776063,0.07142857142857145,0.07142857142857145,-3.0616266652941633,0.9647010213562393
q2_2020,1,robust_condition_cqr,combined_outage,non_ramp,5488,0.8606049562682215,0.0393950437317784,8.3636301964219,8.567580461502075,15.520876983998097,2.44810253916156,4.160180100630533,0.0393950437317784,0.0,0.1672726039284379,0.3104175396799619,robust_local_cqr,5488,0.918002915451895,0.018002915451895,10.907370652557516,9.02349042892456,14.036959064738593,2.44810253916156,4.160180100630533,0.0,0.018002915451895,0.2181474130511503,0.2807391812947718,0.0393950437317784,0.0213921282798834,-1.483917919259504,2.543740456135616
q2_2020,1,robust_condition_cqr,combined_outage,ramp,336,0.6369047619047619,0.2630952380952381,13.877599975182896,13.97210168838501,38.73524129177843,5.9878730571695735,7.42859360414345,0.2630952380952381,0.0,0.2775519995036579,0.7747048258355685,robust_local_cqr,336,0.7916666666666666,0.1083333333333333,20.362884871351223,18.294545650482178,32.614607300831096,5.9878730571695735,7.42859360414345,0.1083333333333333,0.0,0.4072576974270244,0.6522921460166219,0.15476190476190482,0.15476190476190482,-6.120633990947333,6.485284896168327
q2_2020,1,robust_condition_cqr,irradiance_outage,non_ramp,5488,0.9480685131195336,0.0480685131195335,6.310117056160686,5.22070574760437,7.090651291707384,1.034761771587191,1.8157481136249285,0.0,0.0480685131195335,0.1262023411232137,0.1418130258341476,robust_local_cqr,5488,0.9600947521865888,0.0600947521865888,6.735052695346087,5.441189765930176,7.324135995294329,1.034761771587191,1.8157481136249285,0.0,0.0600947521865888,0.1347010539069217,0.1464827199058865,0.0,-0.0120262390670553,0.23348470358694495,0.4249356391854011
q2_2020,1,robust_condition_cqr,irradiance_outage,ramp,336,0.5029761904761905,0.3970238095238095,12.559917672404222,12.788440704345703,43.51691031420515,6.841918455348129,7.800465101246798,0.3970238095238095,0.0,0.2511983534480844,0.870338206284103,robust_local_cqr,336,0.5535714285714286,0.3464285714285714,13.59353138009707,14.116780281066896,40.05114576078597,6.841918455348129,7.800465101246798,0.3464285714285714,0.0,0.2718706276019414,0.8010229152157193,0.05059523809523808,0.05059523809523808,-3.465764553419177,1.033613707692849
q2_2020,1,robust_condition_cqr,recent_power_outage,non_ramp,5488,0.8675291545189504,0.0324708454810496,8.087877633547071,7.812370300292969,15.08905612030528,2.26481634606796,4.076891802403764,0.0324708454810496,0.0,0.1617575526709414,0.3017811224061056,robust_local_cqr,5488,0.9395043731778424,0.0395043731778425,10.901427384946992,8.02156114578247,13.024995805393964,2.26481634606796,4.076891802403764,0.0,0.0395043731778425,0.2180285476989398,0.2604999161078792,0.0324708454810496,-0.007033527696792899,-2.064060314911316,2.81354975139992
q2_2020,1,robust_condition_cqr,recent_power_outage,ramp,336,0.6785714285714286,0.2214285714285714,13.83957436396962,14.076765060424805,32.14902276084537,5.600619894762834,7.030670869769149,0.2214285714285714,0.0,0.2767914872793924,0.6429804552169074,robust_local_cqr,336,0.8363095238095238,0.0636904761904761,20.303519711341885,18.379311561584476,28.978249298408628,5.600619894762834,7.030670869769149,0.0636904761904761,0.0,0.4060703942268377,0.5795649859681725,0.1577380952380953,0.1577380952380953,-3.170773462436742,6.463945347372265
q2_2020,1,robust_condition_cqr,weather_outage,non_ramp,5488,0.9511661807580176,0.0511661807580174,5.98650015450969,4.905137240886688,6.647934408871488,1.0032933540362194,1.747638779524611,0.0,0.0511661807580174,0.1197300030901938,0.1329586881774297,robust_local_cqr,5488,0.965561224489796,0.0655612244897958,6.434025168310896,5.007700443267822,6.932257428075571,1.0032933540362194,1.747638779524611,0.0,0.0655612244897958,0.1286805033662179,0.1386451485615114,0.0,-0.014395043731778405,0.2843230192040833,0.44752501380120613
q2_2020,1,robust_condition_cqr,weather_outage,ramp,336,0.4970238095238095,0.4029761904761905,12.284906416067056,12.721224784851074,42.51669707929804,6.682118631189778,7.63356719546575,0.4029761904761905,0.0,0.2456981283213411,0.8503339415859608,robust_local_cqr,336,0.5595238095238095,0.3404761904761905,13.243319892102765,13.777652263641356,39.50632109138228,6.682118631189778,7.63356719546575,0.3404761904761905,0.0,0.2648663978420553,0.7901264218276455,0.0625,0.0625,-3.010375987915758,0.9584134760357088
q2_2020,4,robust_condition_cqr,clean,non_ramp,4966,0.8741441804269029,0.0258558195730971,8.660978746085489,7.47142219543457,13.488324821179145,2.4242844093405025,4.125977600805449,0.0258558195730971,0.0,0.1732195749217097,0.2697664964235828,robust_local_cqr,4966,0.9128070881997584,0.0128070881997582,11.460102739062595,8.678433656692505,13.948072033487248,2.4242844093405025,4.125977600805449,0.0,0.0128070881997582,0.2292020547812519,0.2789614406697449,0.0258558195730971,0.013048731373338899,0.45974721230810367,2.7991239929771066
q2_2020,4,robust_condition_cqr,clean,ramp,858,0.782051282051282,0.1179487179487179,9.699294332332371,7.300597190856934,28.915033097342004,4.016150854128502,6.789431347357229,0.1179487179487179,0.0,0.1939858866466474,0.57830066194684,robust_local_cqr,858,0.8508158508158508,0.0491841491841492,11.586213274626605,7.86201286315918,24.76886941438719,4.016150854128502,6.789431347357229,0.0491841491841492,0.0,0.2317242654925321,0.4953773882877438,0.06876456876456871,0.06876456876456871,-4.146163682954814,1.8869189422942334
q2_2020,4,robust_condition_cqr,combined_outage,non_ramp,4966,0.8701167942005639,0.0298832057994361,10.4656951925752,10.02751436829567,19.232815587846524,3.1954729748714468,5.267078949751189,0.0298832057994361,0.0,0.2093139038515039,0.3846563117569305,robust_local_cqr,4966,0.8882400322190898,0.0117599677809102,12.8590756990489,11.20111733675003,17.460131030722643,3.1954729748714468,5.267078949751189,0.0117599677809102,0.0,0.257181513980978,0.3492026206144528,0.0181232380185259,0.0181232380185259,-1.7726845571238812,2.393380506473699
q2_2020,4,robust_condition_cqr,combined_outage,ramp,858,0.837995337995338,0.062004662004662,12.026471890639383,10.089659869670868,27.62953569464785,4.269382504733293,6.6420241359267225,0.062004662004662,0.0,0.2405294378127876,0.552590713892957,robust_local_cqr,858,0.8694638694638694,0.0305361305361305,13.599298102663948,10.834126234054564,24.45394679334336,4.269382504733293,6.6420241359267225,0.0305361305361305,0.0,0.2719859620532789,0.4890789358668672,0.0314685314685315,0.0314685314685315,-3.17558890130449,1.5728262120245642
q2_2020,4,robust_condition_cqr,irradiance_outage,non_ramp,4966,0.8815948449456303,0.0184051550543696,9.244896836704298,8.318962097167969,14.710567822549525,2.569522203060188,4.319973063407851,0.0184051550543696,0.0,0.1848979367340859,0.2942113564509905,robust_local_cqr,4966,0.9172372130487314,0.0172372130487313,12.002729456287966,9.699429512023926,14.958329773495802,2.569522203060188,4.319973063407851,0.0,0.0172372130487313,0.2400545891257593,0.299166595469916,0.0184051550543696,0.001167942005638297,0.24776195094627695,2.7578326195836684
q2_2020,4,robust_condition_cqr,irradiance_outage,ramp,858,0.7902097902097902,0.1097902097902098,10.554819685908464,8.405328273773193,29.151115993554495,4.180582429562415,6.931325507020532,0.1097902097902098,0.0,0.2110963937181693,0.58302231987109,robust_local_cqr,858,0.8484848484848485,0.0515151515151515,12.27915782799254,8.837965250015259,25.02139209638109,4.180582429562415,6.931325507020532,0.0515151515151515,0.0,0.2455831565598508,0.5004278419276218,0.0582750582750583,0.0582750582750583,-4.129723897173406,1.7243381420840755
q2_2020,4,robust_condition_cqr,recent_power_outage,non_ramp,4966,0.8709222714458317,0.0290777285541683,9.969521835135415,10.16028606891632,17.20331591895346,3.096024054759892,5.149617121440088,0.0290777285541683,0.0,0.1993904367027083,0.3440663183790692,robust_local_cqr,4966,0.900523560209424,0.000523560209424,12.767615514711606,10.918269157409668,16.435389857889756,3.096024054759892,5.149617121440088,0.0,0.000523560209424,0.2553523102942321,0.3287077971577951,0.0290777285541683,0.0285541683447443,-0.7679260610637044,2.7980936795761906
q2_2020,4,robust_condition_cqr,recent_power_outage,ramp,858,0.817016317016317,0.0829836829836829,11.489016384079548,9.635448694229126,25.714530694302788,4.018714280117364,6.347572208657227,0.0829836829836829,0.0,0.2297803276815909,0.5142906138860558,robust_local_cqr,858,0.8927738927738927,0.0072261072261072,13.70903065233624,11.008142471313477,22.755994289027992,4.018714280117364,6.347572208657227,0.0072261072261072,0.0,0.2741806130467247,0.4551198857805598,0.0757575757575757,0.0757575757575757,-2.9585364052747956,2.2200142682566923
q2_2020,4,robust_condition_cqr,weather_outage,non_ramp,4966,0.86508256141764,0.03491743858236,8.916807302602347,7.73147988319397,13.950037012596566,2.5197696847566484,4.242616791302007,0.03491743858236,0.0,0.1783361460520469,0.2790007402519313,robust_local_cqr,4966,0.9156262585581956,0.0156262585581956,11.827279353355271,8.926977157592773,14.55039197103402,2.5197696847566484,4.242616791302007,0.0,0.0156262585581956,0.2365455870671054,0.2910078394206803,0.03491743858236,0.0192911800241644,0.600354958437455,2.910472050752924
q2_2020,4,robust_condition_cqr,weather_outage,ramp,858,0.7797202797202797,0.1202797202797203,9.89114917158247,7.234393119812012,27.429861332430985,4.005351291391955,6.736999556421591,0.1202797202797203,0.0,0.1978229834316494,0.5485972266486197,robust_local_cqr,858,0.8613053613053613,0.0386946386946387,11.85518418181262,7.8890061378479,23.47154117986942,4.005351291391955,6.736999556421591,0.0386946386946387,0.0,0.2371036836362524,0.4694308235973883,0.0815850815850816,0.0815850815850816,-3.9583201525615657,1.96403501023015
q3_2020,1,robust_condition_cqr,clean,non_ramp,5434,0.9525211630474788,0.0525211630474787,5.2872542686844834,4.255568504333496,5.858692247799524,0.8438706476369949,1.5559285637901543,0.0,0.0525211630474787,0.1057450853736896,0.1171738449559904,robust_local_cqr,5434,0.9626426205373574,0.0626426205373573,5.733621509172417,4.342015743255615,6.15769381682849,0.8438706476369949,1.5559285637901543,0.0,0.0626426205373573,0.1146724301834483,0.1231538763365698,0.0,-0.010121457489878596,0.2990015690289667,0.44636724048793397
q3_2020,1,robust_condition_cqr,clean,ramp,454,0.5286343612334802,0.3713656387665198,12.77687426357805,13.042555332183838,38.64035117645884,6.641049989519665,7.492879175238516,0.3713656387665198,0.0,0.255537485271561,0.7728070235291767,robust_local_cqr,454,0.6189427312775331,0.2810572687224669,14.405035789251851,15.541243314743042,33.81912708853572,6.641049989519665,7.492879175238516,0.2810572687224669,0.0,0.288100715785037,0.6763825417707144,0.0903083700440529,0.0903083700440529,-4.82122408792312,1.6281615256738018
q3_2020,1,robust_condition_cqr,combined_outage,non_ramp,5434,0.944055944055944,0.044055944055944,10.2219836458704,10.796845853328705,12.314284782395498,2.247109009047655,3.6724692077056735,0.0,0.044055944055944,0.204439672917408,0.2462856956479099,robust_local_cqr,5434,0.9346705925653294,0.0346705925653293,10.084066956408773,8.751072883605957,11.571429929811996,2.247109009047655,3.6724692077056735,0.0,0.0346705925653293,0.2016813391281754,0.2314285985962399,0.0,0.009385351490614702,-0.7428548525835019,-0.13791668946162794
q3_2020,1,robust_condition_cqr,combined_outage,ramp,454,0.7312775330396476,0.1687224669603524,16.313806259947203,16.207038640975952,33.00107927285627,6.081980268729415,7.392674375858869,0.1687224669603524,0.0,0.326276125198944,0.6600215854571254,robust_local_cqr,454,0.7951541850220264,0.1048458149779736,18.92483381447813,19.89943599700928,29.49896992828352,6.081980268729415,7.392674375858869,0.1048458149779736,0.0,0.3784966762895626,0.5899793985656704,0.0638766519823788,0.0638766519823788,-3.502109344572755,2.611027554530928
q3_2020,1,robust_condition_cqr,irradiance_outage,non_ramp,5434,0.9556496135443504,0.0556496135443503,5.967694209848922,5.3626344203948975,6.634877663449865,0.9507061432836132,1.6845960730070897,0.0,0.0556496135443503,0.1193538841969784,0.1326975532689973,robust_local_cqr,5434,0.9674273095325728,0.0674273095325727,6.446840201765975,5.502027750015259,6.88760602526362,0.9507061432836132,1.6845960730070897,0.0,0.0674273095325727,0.1289368040353195,0.1377521205052724,0.0,-0.011777695988222397,0.25272836181375524,0.4791459919170533
q3_2020,1,robust_condition_cqr,irradiance_outage,ramp,454,0.473568281938326,0.426431718061674,12.427303356705192,12.50069260597229,41.68609025873375,6.668354532792179,7.518191189234047,0.426431718061674,0.0,0.2485460671341038,0.833721805174675,robust_local_cqr,454,0.5594713656387665,0.3405286343612335,14.050664526775543,14.857239723205566,35.86280577298303,6.668354532792179,7.518191189234047,0.3405286343612335,0.0,0.2810132905355109,0.7172561154596606,0.08590308370044053,0.08590308370044053,-5.823284485750719,1.6233611700703516
q3_2020,1,robust_condition_cqr,recent_power_outage,non_ramp,5434,0.9646669120353332,0.064666912035333,8.937690286025951,9.212567448616028,10.140435458860368,1.665479529919078,2.917877501869922,0.0,0.064666912035333,0.178753805720519,0.2028087091772073,robust_local_cqr,5434,0.9615384615384616,0.0615384615384615,10.031358540386137,8.789583802223206,10.659417501149232,1.665479529919078,2.917877501869922,0.0,0.0615384615384615,0.2006271708077227,0.2131883500229846,0.0,0.0031284504968714932,0.5189820422888634,1.0936682543601854
q3_2020,1,robust_condition_cqr,recent_power_outage,ramp,454,0.751101321585903,0.1488986784140969,16.142031548503738,16.390448570251465,30.62572841805771,5.868141722574108,7.230445988188591,0.1488986784140969,0.0,0.3228406309700747,0.6125145683611543,robust_local_cqr,454,0.8502202643171806,0.0497797356828194,19.54490997783413,20.61159896850586,27.3835289274806,5.868141722574108,7.230445988188591,0.0497797356828194,0.0,0.3908981995566826,0.547670578549612,0.0991189427312775,0.0991189427312775,-3.2421994905771108,3.402878429330393
q3_2020,1,robust_condition_cqr,weather_outage,non_ramp,5434,0.9519690835480308,0.0519690835480308,5.408405720393091,4.430450797080994,6.033260359213075,0.8816502171760366,1.6071666077479536,0.0,0.0519690835480308,0.1081681144078618,0.1206652071842614,robust_local_cqr,5434,0.9613544350386456,0.0613544350386455,5.826816191743046,4.5428619384765625,6.2800233371305945,0.8816502171760366,1.6071666077479536,0.0,0.0613544350386455,0.1165363238348609,0.1256004667426118,0.0,-0.009385351490614702,0.24676297791751978,0.41841047134995524
q3_2020,1,robust_condition_cqr,weather_outage,ramp,454,0.5572687224669604,0.3427312775330396,12.9124000488005,13.196477890014648,38.18949860787339,6.619671843650583,7.489367431165781,0.3427312775330396,0.0,0.25824800097601,0.7637899721574678,robust_local_cqr,454,0.6255506607929515,0.2744493392070485,14.479092110227382,15.805383205413818,33.96640530517448,6.619671843650583,7.489367431165781,0.2744493392070485,0.0,0.2895818422045476,0.6793281061034895,0.06828193832599111,0.06828193832599111,-4.223093302698906,1.5666920614268829
q3_2020,4,robust_condition_cqr,clean,non_ramp,4887,0.9310415387763454,0.0310415387763454,8.965235164414361,8.477425038814545,11.03574676332046,2.014391310161215,3.4052932128970395,0.0,0.0310415387763454,0.1793047032882872,0.2207149352664091,robust_local_cqr,4887,0.9377941477388992,0.0377941477388991,10.111317326784029,8.980077028274536,11.269219747362214,2.014391310161215,3.4052932128970395,0.0,0.0377941477388991,0.2022263465356805,0.2253843949472443,0.0,-0.0067526089625537,0.23347298404175376,1.1460821623696678
q3_2020,4,robust_condition_cqr,clean,ramp,1001,0.8201798201798202,0.0798201798201798,11.223523543416322,9.165119647979736,21.69426174714908,3.745588200581776,6.040695379419884,0.0798201798201798,0.0,0.2244704708683264,0.4338852349429816,robust_local_cqr,1001,0.8861138861138861,0.0138861138861139,13.59972078956805,11.156496047973633,20.94907717506488,3.745588200581776,6.040695379419884,0.0138861138861139,0.0,0.2719944157913609,0.4189815435012975,0.06593406593406591,0.06593406593406591,-0.7451845720842023,2.376197246151728
q3_2020,4,robust_condition_cqr,combined_outage,non_ramp,4887,0.948025373439738,0.048025373439738,12.184019958599354,12.262569427490234,14.406994836125635,2.739456258039606,4.341085972357917,0.0,0.048025373439738,0.243680399171987,0.2881398967225127,robust_local_cqr,4887,0.9291999181501944,0.0291999181501944,12.120242500721162,10.81376838684082,13.7967543430822,2.739456258039606,4.341085972357917,0.0,0.0291999181501944,0.2424048500144232,0.275935086861644,0.0,0.0188254552895436,-0.6102404930434346,-0.06377745787819222
q3_2020,4,robust_condition_cqr,combined_outage,ramp,1001,0.913086913086913,0.013086913086913,15.045916970078643,13.402585983276367,21.81467935898445,3.649470930035178,5.641421360833912,0.0,0.013086913086913,0.3009183394015728,0.4362935871796889,robust_local_cqr,1001,0.93006993006993,0.03006993006993,15.521234741983502,12.024740219116213,20.770164924116543,3.649470930035178,5.641421360833912,0.0,0.03006993006993,0.31042469483967,0.4154032984823309,0.0,-0.016983016983017,-1.0445144348679065,0.4753177719048587
q3_2020,4,robust_condition_cqr,irradiance_outage,non_ramp,4887,0.928586044608144,0.028586044608144,9.62241933741177,9.680617094039915,12.231536121223696,2.335355948378954,3.794917798176347,0.0,0.028586044608144,0.1924483867482354,0.2446307224244739,robust_local_cqr,4887,0.9390218948229998,0.0390218948229997,10.739195346630227,10.571049690246582,12.124301230158302,2.335355948378954,3.794917798176347,0.0,0.0390218948229997,0.2147839069326045,0.242486024603166,0.0,-0.0104358502148557,-0.10723489106539397,1.1167760092184569
q3_2020,4,robust_condition_cqr,irradiance_outage,ramp,1001,0.8521478521478522,0.0478521478521478,12.051862171063055,10.84422206878662,20.576640841546475,3.623117758350058,5.774487169224381,0.0478521478521478,0.0,0.2410372434212611,0.4115328168309295,robust_local_cqr,1001,0.9070929070929072,0.0070929070929071,14.53879711870011,12.47816276550293,20.19820962039443,3.623117758350058,5.774487169224381,0.0,0.0070929070929071,0.2907759423740021,0.4039641924078886,0.0478521478521478,0.0407592407592407,-0.3784312211520451,2.486934947637055
q3_2020,4,robust_condition_cqr,recent_power_outage,non_ramp,4887,0.9558011049723756,0.0558011049723756,10.999188869683037,11.531316757202148,12.472037311865854,2.3869186991115026,3.8223323680349055,0.0,0.0558011049723756,0.2199837773936607,0.249440746237317,robust_local_cqr,4887,0.9410681399631676,0.0410681399631676,11.840386703962889,10.938693046569824,12.969172570984972,2.3869186991115026,3.8223323680349055,0.0,0.0410681399631676,0.2368077340792577,0.2593834514196995,0.0,0.014732965009208003,0.4971352591191174,0.8411978342798516
q3_2020,4,robust_condition_cqr,recent_power_outage,ramp,1001,0.8811188811188811,0.0188811188811188,13.69193378301127,11.902320861816406,21.46839681954368,3.829896973831194,5.9486273262271405,0.0188811188811188,0.0,0.2738386756602254,0.4293679363908735,robust_local_cqr,1001,0.9170829170829172,0.017082917082917,15.92453483102162,13.531265258789062,21.206002209220664,3.829896973831194,5.9486273262271405,0.0,0.017082917082917,0.3184906966204324,0.4241200441844133,0.0188811188811188,0.001798201798201799,-0.2623946103230175,2.23260104801035
q3_2020,4,robust_condition_cqr,weather_outage,non_ramp,4887,0.931450787804379,0.0314507878043789,9.211014259811892,8.89189100265503,11.558599783371246,2.109076859930637,3.547655631280523,0.0,0.0314507878043789,0.1842202851962378,0.2311719956674249,robust_local_cqr,4887,0.9429097605893186,0.0429097605893186,10.480710136428383,9.277387619018556,11.716627373782828,2.109076859930637,3.547655631280523,0.0,0.0429097605893186,0.2096142027285677,0.2343325474756565,0.0,-0.011458972784939701,0.15802759041158154,1.2696958766164919
q3_2020,4,robust_condition_cqr,weather_outage,ramp,1001,0.8481518481518482,0.0518481518481518,11.53503180722,9.140607833862305,20.501363996549376,3.640691562995806,5.973892195591818,0.0518481518481518,0.0,0.2307006361443999,0.4100272799309875,robust_local_cqr,1001,0.91008991008991,0.0100899100899101,13.94018665938587,11.105345845222471,20.16228585973844,3.640691562995806,5.973892195591818,0.0,0.0100899100899101,0.2788037331877174,0.4032457171947687,0.0518481518481518,0.0417582417582417,-0.33907813681093657,2.40515485216587
q4_2020,1,robust_condition_cqr,clean,non_ramp,5540,0.955595667870036,0.0555956678700361,4.0805041698839695,2.6450634002685547,4.498096723150639,0.5716520190239855,1.2483373708717278,0.0,0.0555956678700361,0.0816100833976793,0.0899619344630127,robust_local_cqr,5540,0.9671480144404332,0.0671480144404331,4.389286618729695,2.707253724336624,4.674899645950562,0.5716520190239855,1.2483373708717278,0.0,0.0671480144404331,0.0877857323745939,0.0934979929190112,0.0,-0.011552346570396999,0.17680292279992305,0.3087824488457258
q4_2020,1,robust_condition_cqr,clean,ramp,348,0.5804597701149425,0.3195402298850575,9.827216463698738,9.10787296295166,30.653814019999285,4.953610649054077,6.034322257038052,0.3195402298850575,0.0,0.1965443292739747,0.6130762803999857,robust_local_cqr,348,0.6925287356321839,0.2074712643678161,11.418501406394205,10.394180297851562,27.95154872348254,4.953610649054077,6.034322257038052,0.2074712643678161,0.0,0.228370028127884,0.5590309744696508,0.11206896551724138,0.11206896551724138,-2.702265296516746,1.5912849426954665
q4_2020,1,robust_condition_cqr,combined_outage,non_ramp,5540,0.9445848375451265,0.0445848375451263,7.156000144534327,6.162254333496094,10.243358748507791,1.5860947983005365,3.3006943639130486,0.0,0.0445848375451263,0.1431200028906865,0.2048671749701558,robust_local_cqr,5540,0.957220216606498,0.0572202166064981,7.465303455897866,6.008152276277542,9.552408241668369,1.5860947983005365,3.3006943639130486,0.0,0.0572202166064981,0.1493060691179573,0.1910481648333673,0.0,-0.012635379061371799,-0.6909505068394228,0.3093033113635384
q4_2020,1,robust_condition_cqr,combined_outage,ramp,348,0.6235632183908046,0.2764367816091954,13.4898121081207,13.636624336242676,32.34431128649191,5.626191857217372,6.890816174653363,0.2764367816091954,0.0,0.269796242162414,0.6468862257298382,robust_local_cqr,348,0.7097701149425287,0.1902298850574713,15.391154230625808,16.358608961105347,29.633574797118875,5.626191857217372,6.890816174653363,0.1902298850574713,0.0,0.3078230846125161,0.5926714959423776,0.08620689655172409,0.08620689655172409,-2.7107364893730335,1.901342122505108
q4_2020,1,robust_condition_cqr,irradiance_outage,non_ramp,5540,0.9638989169675092,0.063898916967509,4.5765534677647866,3.231427550315857,4.968475399883335,0.6139450831724776,1.3258222780626627,0.0,0.063898916967509,0.0915310693552957,0.0993695079976667,robust_local_cqr,5540,0.9741877256317688,0.0741877256317689,5.0194703091991775,3.4489088654518127,5.251127933858676,0.6139450831724776,1.3258222780626627,0.0,0.0741877256317689,0.1003894061839835,0.1050225586771735,0.0,-0.010288808664259894,0.28265253397534096,0.4429168414343909
q4_2020,1,robust_condition_cqr,irradiance_outage,ramp,348,0.6149425287356322,0.2850574712643678,10.55263124012399,10.087342739105225,29.73984499806645,4.883764546493004,5.945485122502012,0.2850574712643678,0.0,0.2110526248024798,0.594796899961329,robust_local_cqr,348,0.7298850574712644,0.1701149425287356,12.42970596236744,11.52542781829834,26.790233612060547,4.883764546493004,5.945485122502012,0.1701149425287356,0.0,0.2485941192473488,0.535804672241211,0.11494252873563221,0.11494252873563221,-2.949611386005902,1.8770747222434494
q4_2020,1,robust_condition_cqr,recent_power_outage,non_ramp,5540,0.9185920577617328,0.0185920577617327,6.724821128629727,5.518656253814697,9.951610826210342,1.5585063034715267,3.2810447644132483,0.0,0.0185920577617327,0.1344964225725945,0.1990322165242068,robust_local_cqr,5540,0.9388086642599278,0.0388086642599277,7.235974247047704,6.198044180870056,9.892196750214715,1.5585063034715267,3.2810447644132483,0.0,0.0388086642599277,0.144719484940954,0.1978439350042943,0.0,-0.020216606498194997,-0.05941407599562609,0.511153118417977
q4_2020,1,robust_condition_cqr,recent_power_outage,ramp,348,0.6925287356321839,0.2074712643678161,13.21842668248319,13.07981252670288,30.34735336248902,5.3423742350490615,6.582238360386646,0.2074712643678161,0.0,0.2643685336496638,0.6069470672497804,robust_local_cqr,348,0.7586206896551724,0.1413793103448276,14.660173146889129,14.02945041656494,28.44466750580689,5.3423742350490615,6.582238360386646,0.1413793103448276,0.0,0.2932034629377825,0.5688933501161378,0.06609195402298851,0.06609195402298851,-1.9026858566821296,1.441746464405938
q4_2020,1,robust_condition_cqr,weather_outage,non_ramp,5540,0.9597472924187724,0.0597472924187725,4.199686298172741,2.886256217956543,4.627372184203577,0.5928271719317666,1.2778485645302382,0.0,0.0597472924187725,0.0839937259634548,0.0925474436840715,robust_local_cqr,5540,0.9685920577617328,0.0685920577617328,4.501307837512833,2.906005859375,4.802968988280346,0.5928271719317666,1.2778485645302382,0.0,0.0685920577617328,0.0900261567502566,0.0960593797656069,0.0,-0.008844765342960297,0.17559680407676925,0.3016215393400916
q4_2020,1,robust_condition_cqr,weather_outage,ramp,348,0.5632183908045977,0.3367816091954023,9.93849461585626,9.534581422805786,31.44599562883377,5.120972530595187,6.111469669356231,0.3367816091954023,0.0,0.1987698923171251,0.6289199125766755,robust_local_cqr,348,0.6609195402298851,0.2390804597701149,11.429313965569968,10.37541389465332,28.6110784229876,5.120972530595187,6.111469669356231,0.2390804597701149,0.0,0.2285862793113993,0.572221568459752,0.09770114942528738,0.09770114942528738,-2.834917205846171,1.490819349713707
q4_2020,4,robust_condition_cqr,clean,non_ramp,4725,0.9481481481481482,0.0481481481481481,6.947310946580776,2.955418586730957,9.385309065183186,1.4801406848116063,3.1877821613940576,0.0,0.0481481481481481,0.1389462189316155,0.1877061813036637,robust_local_cqr,4725,0.9693121693121692,0.0693121693121693,7.623519398950548,3.934181690216065,9.319631280115823,1.4801406848116063,3.1877821613940576,0.0,0.0693121693121693,0.1524703879790109,0.1863926256023165,0.0,-0.021164021164021198,-0.0656777850673631,0.6762084523697718
q4_2020,4,robust_condition_cqr,clean,ramp,1163,0.7790197764402408,0.1209802235597592,10.002605477900518,8.577056169509888,23.8056080241272,3.5510919482506464,5.974104694055621,0.1209802235597592,0.0,0.2000521095580103,0.476112160482544,robust_local_cqr,1163,0.8469475494411006,0.0530524505588994,11.37177115821008,9.94818878173828,22.31255374314553,3.5510919482506464,5.974104694055621,0.0530524505588994,0.0,0.2274354231642016,0.4462510748629106,0.0679277730008598,0.0679277730008598,-1.4930542809816707,1.3691656803095622
q4_2020,4,robust_condition_cqr,combined_outage,non_ramp,4725,0.9362962962962964,0.0362962962962962,8.783335086428734,7.469732761383057,12.734309537347466,2.057495031662485,4.163300803406897,0.0,0.0362962962962962,0.1756667017285746,0.2546861907469493,robust_local_cqr,4725,0.955978835978836,0.0559788359788359,9.061849292992804,6.938823223114014,11.909055355228965,2.057495031662485,4.163300803406897,0.0,0.0559788359788359,0.181236985859856,0.2381811071045793,0.0,-0.019682539682539697,-0.8252541821185009,0.2785142065640702
q4_2020,4,robust_condition_cqr,combined_outage,ramp,1163,0.8323301805674979,0.0676698194325021,13.542401417866444,12.877192497253418,25.715122338055263,3.951107407586532,5.960490054069616,0.0676698194325021,0.0,0.2708480283573289,0.5143024467611053,robust_local_cqr,1163,0.882201203783319,0.017798796216681,15.379720777177884,15.239701271057127,24.870076755083367,3.951107407586532,5.960490054069616,0.017798796216681,0.0,0.3075944155435576,0.4974015351016673,0.0498710232158211,0.0498710232158211,-0.8450455829718955,1.83731935931144
q4_2020,4,robust_condition_cqr,irradiance_outage,non_ramp,4725,0.953862433862434,0.0538624338624338,7.264451026977606,3.784391164779663,9.632357373059032,1.6055673268156472,3.3971098190114097,0.0,0.0538624338624338,0.1452890205395521,0.1926471474611806,robust_local_cqr,4725,0.9716402116402116,0.0716402116402116,7.931096071571287,4.433585166931152,9.620821514487917,1.6055673268156472,3.3971098190114097,0.0,0.0716402116402116,0.1586219214314257,0.1924164302897583,0.0,-0.017777777777777802,-0.011535858571114943,0.6666450445936807
q4_2020,4,robust_condition_cqr,irradiance_outage,ramp,1163,0.8323301805674979,0.0676698194325021,11.91781214316578,11.347536087036133,25.212078563209943,3.3902834937339192,5.725437007163826,0.0676698194325021,0.0,0.2383562428633156,0.5042415712641989,robust_local_cqr,1163,0.8718830610490111,0.0281169389509888,13.150258536832142,12.591031551361084,23.906339295783024,3.3902834937339192,5.725437007163826,0.0281169389509888,0.0,0.2630051707366428,0.4781267859156605,0.0395528804815133,0.0395528804815133,-1.3057392674269188,1.232446393666363
q4_2020,4,robust_condition_cqr,recent_power_outage,non_ramp,4725,0.9293121693121692,0.0293121693121692,8.28705752534703,4.045270286500454,11.925811777813609,1.9865859733730995,4.134176437150694,0.0,0.0293121693121692,0.1657411505069406,0.2385162355562721,robust_local_cqr,4725,0.9576719576719576,0.0576719576719576,9.139452374337573,5.0684356689453125,11.743859137170258,1.9865859733730995,4.134176437150694,0.0,0.0576719576719576,0.1827890474867514,0.2348771827434051,0.0,-0.028359788359788397,-0.1819526406433507,0.8523948489905422
q4_2020,4,robust_condition_cqr,recent_power_outage,ramp,1163,0.8099742046431643,0.0900257953568357,11.989114964125708,11.026010513305664,23.93574244347659,3.786217015944918,6.045276796888067,0.0900257953568357,0.0,0.2397822992825141,0.4787148488695318,robust_local_cqr,1163,0.8796216680997421,0.0203783319002579,14.369201966712726,13.567843437194824,22.866637331805965,3.786217015944918,6.045276796888067,0.0203783319002579,0.0,0.2873840393342545,0.4573327466361193,0.06964746345657781,0.06964746345657781,-1.069105111670627,2.380087002587018
q4_2020,4,robust_condition_cqr,weather_outage,non_ramp,4725,0.9445502645502646,0.0445502645502645,6.792484507241567,3.248030364513397,8.964367052014849,1.464450696069059,3.1501997530989114,0.0,0.0445502645502645,0.1358496901448313,0.1792873410402969,robust_local_cqr,4725,0.9697354497354498,0.0697354497354497,7.602362104393985,4.297911643981934,8.909069032717802,1.464450696069059,3.1501997530989114,0.0,0.0697354497354497,0.1520472420878797,0.178181380654356,0.0,-0.025185185185185206,-0.05529801929704625,0.8098775971524184
q4_2020,4,robust_condition_cqr,weather_outage,ramp,1163,0.7463456577815993,0.1536543422184006,10.659591132928702,9.330179452896118,26.045898380308945,3.876575729793285,6.138144903817643,0.1536543422184006,0.0,0.213191822658574,0.5209179676061789,robust_local_cqr,1163,0.8306104901117799,0.0693895098882201,12.451587475724166,11.28880214691162,23.9032545802716,3.876575729793285,6.138144903817643,0.0693895098882201,0.0,0.2490317495144833,0.4780650916054319,0.0842648323301805,0.0842648323301805,-2.1426438000373444,1.7919963427954642
