horizon_steps,threshold_fraction,method,condition,ramp_group,n,coverage,undercoverage_error,mean_width
1,0.075,robust_condition_cqr,clean,non_ramp,21105,0.9611466477138119,0.0,4.713215351104736
1,0.075,robust_condition_cqr,clean,ramp,2319,0.653730056058646,0.24626994394135404,10.586752891540527
1,0.075,robust_condition_cqr,combined_outage,non_ramp,21105,0.917649846008055,0.0,7.984183311462402
1,0.075,robust_condition_cqr,combined_outage,ramp,2319,0.7395429064251833,0.16045709357481674,13.715439796447754
1,0.075,robust_condition_cqr,irradiance_outage,non_ramp,21105,0.9628997867803838,0.0,5.293693542480469
1,0.075,robust_condition_cqr,irradiance_outage,ramp,2319,0.6403622250970246,0.25963777490297546,10.98801326751709
1,0.075,robust_condition_cqr,recent_power_outage,non_ramp,21105,0.9220090026060175,0.0,7.400134563446045
1,0.075,robust_condition_cqr,recent_power_outage,ramp,2319,0.7753341957740405,0.12466580422595952,13.399473190307617
1,0.075,robust_condition_cqr,weather_outage,non_ramp,21105,0.962283819000237,0.0,4.867501735687256
1,0.075,robust_condition_cqr,weather_outage,ramp,2319,0.6589047003018542,0.2410952996981458,10.71976375579834
1,0.075,robust_local_cqr,clean,non_ramp,21105,0.9717128642501777,0.0,5.09292459487915
1,0.075,robust_local_cqr,clean,ramp,2319,0.7266062958171625,0.1733937041828375,11.951693534851074
1,0.075,robust_local_cqr,combined_outage,non_ramp,21105,0.9360341151385928,0.0,8.80107593536377
1,0.075,robust_local_cqr,combined_outage,ramp,2319,0.8219059939629151,0.07809400603708494,16.71367645263672
1,0.075,robust_local_cqr,irradiance_outage,non_ramp,21105,0.9756455816157309,0.0,5.727447509765625
1,0.075,robust_local_cqr,irradiance_outage,ramp,2319,0.7136696852091419,0.18633031479085815,12.431269645690918
1,0.075,robust_local_cqr,recent_power_outage,non_ramp,21105,0.9456526889362711,0.0,8.561444282531738
1,0.075,robust_local_cqr,recent_power_outage,ramp,2319,0.8520914187149633,0.04790858128503672,16.274057388305664
1,0.075,robust_local_cqr,weather_outage,non_ramp,21105,0.972376214167259,0.0,5.2410807609558105
1,0.075,robust_local_cqr,weather_outage,ramp,2319,0.7218628719275549,0.17813712807244508,12.018599510192871
1,0.075,robust_risk_mondrian,clean,non_ramp,21105,0.9659322435441838,0.0,4.917903900146484
1,0.075,robust_risk_mondrian,clean,ramp,2319,0.7059077188443295,0.19409228115567057,11.613415718078613
1,0.075,robust_risk_mondrian,combined_outage,non_ramp,21105,0.9221511490168206,0.0,8.45878791809082
1,0.075,robust_risk_mondrian,combined_outage,ramp,2319,0.7800776196636481,0.11992238033635194,15.024982452392578
1,0.075,robust_risk_mondrian,irradiance_outage,non_ramp,21105,0.9686804074863776,0.0,5.573177814483643
1,0.075,robust_risk_mondrian,irradiance_outage,ramp,2319,0.7003018542475204,0.19969814575247957,12.246402740478516
1,0.075,robust_risk_mondrian,recent_power_outage,non_ramp,21105,0.9263681592039801,0.0,7.717643737792969
1,0.075,robust_risk_mondrian,recent_power_outage,ramp,2319,0.8055196205260888,0.09448037947391119,14.319767951965332
1,0.075,robust_risk_mondrian,weather_outage,non_ramp,21105,0.966453447050462,0.0,5.059184551239014
1,0.075,robust_risk_mondrian,weather_outage,ramp,2319,0.7046140577835274,0.19538594221647265,11.650484085083008
1,0.075,robust_rolling_cqr,clean,non_ramp,21105,0.9619995261786306,0.0,4.726803302764893
1,0.075,robust_rolling_cqr,clean,ramp,2319,0.6554549374730487,0.2445450625269513,10.607992172241211
1,0.075,robust_rolling_cqr,combined_outage,non_ramp,21105,0.9238095238095239,0.0,8.438148498535156
1,0.075,robust_rolling_cqr,combined_outage,ramp,2319,0.7399741267787839,0.1600258732212161,14.092350006103516
1,0.075,robust_rolling_cqr,irradiance_outage,non_ramp,21105,0.9635631366974651,0.0,5.313196659088135
1,0.075,robust_rolling_cqr,irradiance_outage,ramp,2319,0.641224665804226,0.25877533419577403,11.012534141540527
1,0.075,robust_rolling_cqr,recent_power_outage,non_ramp,21105,0.9339493011134802,0.0,8.06204891204834
1,0.075,robust_rolling_cqr,recent_power_outage,ramp,2319,0.796895213454075,0.10310478654592503,14.080180168151855
1,0.075,robust_rolling_cqr,weather_outage,non_ramp,21105,0.9631366974650557,0.0,4.880305290222168
1,0.075,robust_rolling_cqr,weather_outage,ramp,2319,0.6601983613626563,0.23980163863734372,10.741338729858398
1,0.1,robust_condition_cqr,clean,non_ramp,22029,0.9556493712833084,0.0,4.9065117835998535
1,0.1,robust_condition_cqr,clean,ramp,1395,0.5369175627240144,0.36308243727598566,11.424760818481445
1,0.1,robust_condition_cqr,combined_outage,non_ramp,22029,0.9145671614689728,0.0,8.18593692779541
1,0.1,robust_condition_cqr,combined_outage,ramp,1395,0.6702508960573477,0.22974910394265236,14.325667381286621
1,0.1,robust_condition_cqr,irradiance_outage,non_ramp,22029,0.9565572654228517,0.0,5.488523483276367
1,0.1,robust_condition_cqr,irradiance_outage,ramp,1395,0.5268817204301075,0.3731182795698925,11.68310546875
1,0.1,robust_condition_cqr,recent_power_outage,non_ramp,22029,0.9197421580643697,0.0,7.601129531860352
1,0.1,robust_condition_cqr,recent_power_outage,ramp,1395,0.7139784946236559,0.1860215053763441,14.199246406555176
1,0.1,robust_condition_cqr,weather_outage,non_ramp,22029,0.9566934495437832,0.0,5.060245990753174
1,0.1,robust_condition_cqr,weather_outage,ramp,1395,0.546236559139785,0.35376344086021505,11.552393913269043
1,0.1,robust_local_cqr,clean,non_ramp,22029,0.9676335739252803,0.0,5.32145357131958
1,0.1,robust_local_cqr,clean,ramp,1395,0.628673835125448,0.27132616487455197,12.88591480255127
1,0.1,robust_local_cqr,combined_outage,non_ramp,22029,0.934540832538926,0.0,9.075248718261719
1,0.1,robust_local_cqr,combined_outage,ramp,1395,0.7698924731182796,0.13010752688172045,17.62512969970703
1,0.1,robust_local_cqr,irradiance_outage,non_ramp,22029,0.9705388351718189,0.0,5.958563327789307
1,0.1,robust_local_cqr,irradiance_outage,ramp,1395,0.6207885304659498,0.2792114695340502,13.222009658813477
1,0.1,robust_local_cqr,recent_power_outage,non_ramp,22029,0.9444822733669254,0.0,8.811704635620117
1,0.1,robust_local_cqr,recent_power_outage,ramp,1395,0.8086021505376344,0.09139784946236562,17.43067169189453
1,0.1,robust_local_cqr,weather_outage,non_ramp,22029,0.9679967315810977,0.0,5.467136859893799
1,0.1,robust_local_cqr,weather_outage,ramp,1395,0.625089605734767,0.274910394265233,12.938048362731934
1,0.1,robust_risk_mondrian,clean,non_ramp,22029,0.9612329202414999,0.0,5.141643047332764
1,0.1,robust_risk_mondrian,clean,ramp,1395,0.6078853046594982,0.29211469534050183,12.51513385772705
1,0.1,robust_risk_mondrian,combined_outage,non_ramp,22029,0.9196967633573925,0.0,8.685126304626465
1,0.1,robust_risk_mondrian,combined_outage,ramp,1395,0.7247311827956989,0.1752688172043011,15.799985885620117
1,0.1,robust_risk_mondrian,irradiance_outage,non_ramp,22029,0.9632302873484951,0.0,5.803435325622559
1,0.1,robust_risk_mondrian,irradiance_outage,ramp,1395,0.6086021505376344,0.2913978494623656,13.030424118041992
1,0.1,robust_risk_mondrian,recent_power_outage,non_ramp,22029,0.9248263652458123,0.0,7.93856954574585
1,0.1,robust_risk_mondrian,recent_power_outage,ramp,1395,0.749820788530466,0.15017921146953406,15.204068183898926
1,0.1,robust_risk_mondrian,weather_outage,non_ramp,22029,0.9617322620182487,0.0,5.278669357299805
1,0.1,robust_risk_mondrian,weather_outage,ramp,1395,0.6057347670250897,0.29426523297491036,12.550361633300781
1,0.1,robust_rolling_cqr,clean,non_ramp,22029,0.9565118707158745,0.0,4.92024564743042
1,0.1,robust_rolling_cqr,clean,ramp,1395,0.5390681003584229,0.3609318996415771,11.44876480102539
1,0.1,robust_rolling_cqr,combined_outage,non_ramp,22029,0.9202868945480956,0.0,8.642821311950684
1,0.1,robust_rolling_cqr,combined_outage,ramp,1395,0.6738351254480287,0.22616487455197132,14.605423927307129
1,0.1,robust_rolling_cqr,irradiance_outage,non_ramp,22029,0.9572381860275092,0.0,5.508090019226074
1,0.1,robust_rolling_cqr,irradiance_outage,ramp,1395,0.5275985663082438,0.37240143369175627,11.709946632385254
1,0.1,robust_rolling_cqr,recent_power_outage,non_ramp,22029,0.9317717554133188,0.0,8.268309593200684
1,0.1,robust_rolling_cqr,recent_power_outage,ramp,1395,0.7405017921146954,0.15949820788530467,14.809246063232422
1,0.1,robust_rolling_cqr,weather_outage,non_ramp,22029,0.9575105542693721,0.0,5.073295593261719
1,0.1,robust_rolling_cqr,weather_outage,ramp,1395,0.5483870967741935,0.3516129032258065,11.575897216796875
1,0.15,robust_condition_cqr,clean,non_ramp,22877,0.9454473925776982,0.0,5.114871025085449
1,0.15,robust_condition_cqr,clean,ramp,547,0.31444241316270566,0.5855575868372944,12.815679550170898
1,0.15,robust_condition_cqr,combined_outage,non_ramp,22877,0.9089915635791406,0.0,8.392776489257812
1,0.15,robust_condition_cqr,combined_outage,ramp,547,0.5246800731261426,0.3753199268738574,15.19333267211914
1,0.15,robust_condition_cqr,irradiance_outage,non_ramp,22877,0.9459719368798356,0.0,5.692575454711914
1,0.15,robust_condition_cqr,irradiance_outage,ramp,547,0.30347349177330896,0.5965265082266911,12.752406120300293
1,0.15,robust_condition_cqr,recent_power_outage,non_ramp,22877,0.9155483673558596,0.0,7.820000648498535
1,0.15,robust_condition_cqr,recent_power_outage,ramp,547,0.5703839122486288,0.3296160877513712,15.274356842041016
1,0.15,robust_condition_cqr,weather_outage,non_ramp,22877,0.9466713292826857,0.0,5.268276214599609
1,0.15,robust_condition_cqr,weather_outage,ramp,547,0.3290676416819013,0.5709323583180987,12.916640281677246
1,0.15,robust_local_cqr,clean,non_ramp,22877,0.9607903134152205,0.0,5.567309856414795
1,0.15,robust_local_cqr,clean,ramp,547,0.38939670932358317,0.5106032906764169,14.330536842346191
1,0.15,robust_local_cqr,combined_outage,non_ramp,22877,0.9315032565458757,0.0,9.360147476196289
1,0.15,robust_local_cqr,combined_outage,ramp,547,0.6416819012797075,0.25831809872029254,18.964553833007812
1,0.15,robust_local_cqr,irradiance_outage,non_ramp,22877,0.963019626699305,0.0,6.2013115882873535
1,0.15,robust_local_cqr,irradiance_outage,ramp,547,0.3930530164533821,0.5069469835466179,14.329938888549805
1,0.15,robust_local_cqr,recent_power_outage,non_ramp,22877,0.9418630065130917,0.0,9.094255447387695
1,0.15,robust_local_cqr,recent_power_outage,ramp,547,0.7074954296160878,0.19250457038391222,18.975374221801758
1,0.15,robust_local_cqr,weather_outage,non_ramp,22877,0.9608340254403986,0.0,5.709829807281494
1,0.15,robust_local_cqr,weather_outage,ramp,547,0.3930530164533821,0.5069469835466179,14.369977951049805
1,0.15,robust_risk_mondrian,clean,non_ramp,22877,0.9539712374874328,0.0,5.3836164474487305
1,0.15,robust_risk_mondrian,clean,ramp,547,0.36380255941499084,0.5361974405850092,13.826087951660156
1,0.15,robust_risk_mondrian,combined_outage,non_ramp,22877,0.9154609433055033,0.0,8.921113014221191
1,0.15,robust_risk_mondrian,combined_outage,ramp,547,0.5996343692870201,0.30036563071297995,16.96040153503418
1,0.15,robust_risk_mondrian,irradiance_outage,non_ramp,22877,0.9558071425449141,0.0,6.047015190124512
1,0.15,robust_risk_mondrian,irradiance_outage,ramp,547,0.3692870201096892,0.5307129798903107,14.047104835510254
1,0.15,robust_risk_mondrian,recent_power_outage,non_ramp,22877,0.9216243388556192,0.0,8.179306983947754
1,0.15,robust_risk_mondrian,recent_power_outage,ramp,547,0.6124314442413162,0.2875685557586838,16.399309158325195
1,0.15,robust_risk_mondrian,weather_outage,non_ramp,22877,0.9541023735629671,0.0,5.516489028930664
1,0.15,robust_risk_mondrian,weather_outage,ramp,547,0.37294332723948814,0.5270566727605119,13.877211570739746
1,0.15,robust_rolling_cqr,clean,non_ramp,22877,0.9463216330812606,0.0,5.128574848175049
1,0.15,robust_rolling_cqr,clean,ramp,547,0.3180987202925046,0.5819012797074954,12.85688591003418
1,0.15,robust_rolling_cqr,combined_outage,non_ramp,22877,0.9141932945753377,0.0,8.839384078979492
1,0.15,robust_rolling_cqr,combined_outage,ramp,547,0.546617915904936,0.353382084095064,15.628340721130371
1,0.15,robust_rolling_cqr,irradiance_outage,non_ramp,22877,0.9466276172575075,0.0,5.7119317054748535
1,0.15,robust_rolling_cqr,irradiance_outage,ramp,547,0.3053016453382084,0.5946983546617917,12.79932975769043
1,0.15,robust_rolling_cqr,recent_power_outage,non_ramp,22877,0.9279625825064475,0.0,8.483602523803711
1,0.15,robust_rolling_cqr,recent_power_outage,ramp,547,0.603290676416819,0.29670932358318103,15.94537353515625
1,0.15,robust_rolling_cqr,weather_outage,non_ramp,22877,0.9475455697862482,0.0,5.2813520431518555
1,0.15,robust_rolling_cqr,weather_outage,ramp,547,0.33089579524680074,0.5691042047531993,12.955231666564941
4,0.15,robust_condition_cqr,clean,non_ramp,16705,0.9214007782101167,0.0,7.598270416259766
4,0.15,robust_condition_cqr,clean,ramp,6719,0.8478940318499777,0.05210596815002233,10.455315589904785
4,0.15,robust_condition_cqr,combined_outage,non_ramp,16705,0.9197246333433103,0.0,9.808389663696289
4,0.15,robust_condition_cqr,combined_outage,ramp,6719,0.8807858312248846,0.019214168775115392,13.834992408752441
4,0.15,robust_condition_cqr,irradiance_outage,non_ramp,16705,0.9243340317270279,0.0,8.24972152709961
4,0.15,robust_condition_cqr,irradiance_outage,ramp,6719,0.867093317457955,0.032906682542044985,11.599292755126953
4,0.15,robust_condition_cqr,recent_power_outage,non_ramp,16705,0.9117030829093086,0.0,8.942461967468262
4,0.15,robust_condition_cqr,recent_power_outage,ramp,6719,0.8745349010269385,0.025465098973061484,12.502232551574707
4,0.15,robust_condition_cqr,weather_outage,non_ramp,16705,0.92223885064352,0.0,7.775928020477295
4,0.15,robust_condition_cqr,weather_outage,ramp,6719,0.8456615567792827,0.05433844322071735,10.965096473693848
4,0.15,robust_local_cqr,clean,non_ramp,16705,0.9447470817120622,0.0,8.874862670898438
4,0.15,robust_local_cqr,clean,ramp,6719,0.895073671677333,0.00492632832266704,12.53977108001709
4,0.15,robust_local_cqr,combined_outage,non_ramp,16705,0.9247530679437295,0.0,10.289937019348145
4,0.15,robust_local_cqr,combined_outage,ramp,6719,0.9044500669742521,0.0,15.11133098602295
4,0.15,robust_local_cqr,irradiance_outage,non_ramp,16705,0.945824603412152,0.0,9.432270050048828
4,0.15,robust_local_cqr,irradiance_outage,ramp,6719,0.9045988986456318,0.0,13.541972160339355
4,0.15,robust_local_cqr,recent_power_outage,non_ramp,16705,0.9316372343609698,0.0,10.198373794555664
4,0.15,robust_local_cqr,recent_power_outage,ramp,6719,0.9127846405715137,0.0,14.7911958694458
4,0.15,robust_local_cqr,weather_outage,non_ramp,16705,0.9488775815624064,0.0,9.088902473449707
4,0.15,robust_local_cqr,weather_outage,ramp,6719,0.8958178300342313,0.004182169965768701,13.097636222839355
4,0.15,robust_risk_mondrian,clean,non_ramp,16705,0.935588147261299,0.0,8.209185600280762
4,0.15,robust_risk_mondrian,clean,ramp,6719,0.8910552165500819,0.008944783449918114,12.376343727111816
4,0.15,robust_risk_mondrian,combined_outage,non_ramp,16705,0.9207422927267285,0.0,9.789741516113281
4,0.15,robust_risk_mondrian,combined_outage,ramp,6719,0.8894180681649055,0.010581931835094482,14.960808753967285
4,0.15,robust_risk_mondrian,irradiance_outage,non_ramp,16705,0.9378629152948219,0.0,8.640334129333496
4,0.15,robust_risk_mondrian,irradiance_outage,ramp,6719,0.8998362851614824,0.0001637148385176257,13.588440895080566
4,0.15,robust_risk_mondrian,recent_power_outage,non_ramp,16705,0.9240347201436696,0.0,9.24141788482666
4,0.15,robust_risk_mondrian,recent_power_outage,ramp,6719,0.8937341866349159,0.0062658133650841386,13.768978118896484
4,0.15,robust_risk_mondrian,weather_outage,non_ramp,16705,0.93888057467824,0.0,8.35785961151123
4,0.15,robust_risk_mondrian,weather_outage,ramp,6719,0.8892692364935258,0.010730763506474172,12.799165725708008
4,0.15,robust_rolling_cqr,clean,non_ramp,16705,0.9304399880275367,0.0,7.926051139831543
4,0.15,robust_rolling_cqr,clean,ramp,6719,0.8489358535496354,0.05106414645036461,10.707037925720215
4,0.15,robust_rolling_cqr,combined_outage,non_ramp,16705,0.9141574378928464,0.0,9.863439559936523
4,0.15,robust_rolling_cqr,combined_outage,ramp,6719,0.8590564072034529,0.040943592796547135,13.520345687866211
4,0.15,robust_rolling_cqr,irradiance_outage,non_ramp,16705,0.9300209518108351,0.0,8.41374683380127
4,0.15,robust_rolling_cqr,irradiance_outage,ramp,6719,0.8575680904896562,0.04243190951034381,11.623181343078613
4,0.15,robust_rolling_cqr,recent_power_outage,non_ramp,16705,0.9212810535767734,0.0,9.466323852539062
4,0.15,robust_rolling_cqr,recent_power_outage,ramp,6719,0.868432802500372,0.031567197499628,12.893774032592773
4,0.15,robust_rolling_cqr,weather_outage,non_ramp,16705,0.9328344806944029,0.0,8.057891845703125
4,0.15,robust_rolling_cqr,weather_outage,ramp,6719,0.8444709034082453,0.055529096591754756,11.149862289428711
4,0.2,robust_condition_cqr,clean,non_ramp,19171,0.9193573626832194,0.0,7.991384506225586
4,0.2,robust_condition_cqr,clean,ramp,4253,0.8144838937220785,0.0855161062779215,10.339886665344238
4,0.2,robust_condition_cqr,combined_outage,non_ramp,19171,0.9198268217620365,0.0,10.330507278442383
4,0.2,robust_condition_cqr,combined_outage,ramp,4253,0.857747472372443,0.042252527627557046,13.816202163696289
4,0.2,robust_condition_cqr,irradiance_outage,non_ramp,19171,0.9227479004746753,0.0,8.653477668762207
4,0.2,robust_condition_cqr,irradiance_outage,ramp,4253,0.8410533740888785,0.05894662591112154,11.721470832824707
4,0.2,robust_condition_cqr,recent_power_outage,non_ramp,19171,0.9124198007407021,0.0,9.442118644714355
4,0.2,robust_condition_cqr,recent_power_outage,ramp,4253,0.8497531154479191,0.05024688455208093,12.314008712768555
4,0.2,robust_condition_cqr,weather_outage,non_ramp,19171,0.9203484429607219,0.0,8.19296932220459
4,0.2,robust_condition_cqr,weather_outage,ramp,4253,0.8097813308252998,0.09021866917470023,10.9343900680542
4,0.2,robust_local_cqr,clean,non_ramp,19171,0.9427259923843305,0.0,9.400869369506836
4,0.2,robust_local_cqr,clean,ramp,4253,0.8753820832353633,0.02461791676463676,12.293731689453125
4,0.2,robust_local_cqr,combined_outage,non_ramp,19171,0.9246778989098117,0.0,10.932389259338379
4,0.2,robust_local_cqr,combined_outage,ramp,4253,0.8930166940982835,0.0069833059017164745,15.010958671569824
4,0.2,robust_local_cqr,irradiance_outage,non_ramp,19171,0.9444995044598612,0.0,9.969780921936035
4,0.2,robust_local_cqr,irradiance_outage,ramp,4253,0.8866682341876323,0.013331765812367724,13.501977920532227
4,0.2,robust_local_cqr,recent_power_outage,non_ramp,19171,0.9315111366125919,0.0,10.836448669433594
4,0.2,robust_local_cqr,recent_power_outage,ramp,4253,0.902421819891841,0.0,14.578019142150879
4,0.2,robust_local_cqr,weather_outage,non_ramp,19171,0.9464295028949976,0.0,9.633244514465332
4,0.2,robust_local_cqr,weather_outage,ramp,4253,0.8760874676698801,0.023912532330119918,12.968301773071289
4,0.2,robust_risk_mondrian,clean,non_ramp,19171,0.935110322883522,0.0,8.760204315185547
4,0.2,robust_risk_mondrian,clean,ramp,4253,0.8673877263108394,0.03261227368916064,12.308778762817383
4,0.2,robust_risk_mondrian,combined_outage,non_ramp,19171,0.9198789838819049,0.0,10.421162605285645
4,0.2,robust_risk_mondrian,combined_outage,ramp,4253,0.8751469550905243,0.024853044909475708,15.112908363342285
4,0.2,robust_risk_mondrian,irradiance_outage,non_ramp,19171,0.9368316728391842,0.0,9.204700469970703
4,0.2,robust_risk_mondrian,irradiance_outage,ramp,4253,0.8824359275805314,0.017564072419468668,13.913522720336914
4,0.2,robust_risk_mondrian,recent_power_outage,non_ramp,19171,0.9232695216733608,0.0,9.807199478149414
4,0.2,robust_risk_mondrian,recent_power_outage,ramp,4253,0.8796143898424641,0.020385610157535927,13.843839645385742
4,0.2,robust_risk_mondrian,weather_outage,non_ramp,19171,0.9379792394762924,0.0,8.927297592163086
4,0.2,robust_risk_mondrian,weather_outage,ramp,4253,0.8645661885727721,0.0354338114272279,12.807531356811523
4,0.2,robust_rolling_cqr,clean,non_ramp,19171,0.9271295185436336,0.0,8.3195219039917
4,0.2,robust_rolling_cqr,clean,ramp,4253,0.8166000470256289,0.08339995297437108,10.545893669128418
4,0.2,robust_rolling_cqr,combined_outage,non_ramp,19171,0.9124719628605706,0.0,10.343239784240723
4,0.2,robust_rolling_cqr,combined_outage,ramp,4253,0.8347049141782271,0.0652950858217729,13.477951049804688
4,0.2,robust_rolling_cqr,irradiance_outage,non_ramp,19171,0.9262427625058682,0.0,8.815235137939453
4,0.2,robust_rolling_cqr,irradiance_outage,ramp,4253,0.8325887608746767,0.06741123912532332,11.67432975769043
4,0.2,robust_rolling_cqr,recent_power_outage,non_ramp,19171,0.919409524803088,0.0,9.945757865905762
4,0.2,robust_rolling_cqr,recent_power_outage,ramp,4253,0.8462261932753351,0.05377380672466492,12.71998119354248
4,0.2,robust_rolling_cqr,weather_outage,non_ramp,19171,0.929528976057587,0.0,8.473959922790527
4,0.2,robust_rolling_cqr,weather_outage,ramp,4253,0.8081354338114273,0.09186456618857275,11.067183494567871
4,0.25,robust_condition_cqr,clean,non_ramp,21369,0.9206794889793626,0.0,8.125760078430176
4,0.25,robust_condition_cqr,clean,ramp,2055,0.6885644768856448,0.2114355231143552,11.454496383666992
4,0.25,robust_condition_cqr,combined_outage,non_ramp,21369,0.922878936777575,0.0,10.609540939331055
4,0.25,robust_condition_cqr,combined_outage,ramp,2055,0.7596107055961071,0.14038929440389292,14.642913818359375
4,0.25,robust_condition_cqr,irradiance_outage,non_ramp,21369,0.9241892461041696,0.0,8.856372833251953
4,0.25,robust_condition_cqr,irradiance_outage,ramp,2055,0.7386861313868613,0.16131386861313868,12.893132209777832
4,0.25,robust_condition_cqr,recent_power_outage,non_ramp,21369,0.915344658149656,0.0,9.659975051879883
4,0.25,robust_condition_cqr,recent_power_outage,ramp,2055,0.7523114355231143,0.14768856447688572,13.120356559753418
4,0.25,robust_condition_cqr,weather_outage,non_ramp,21369,0.9211006598343394,0.0,8.360689163208008
4,0.25,robust_condition_cqr,weather_outage,ramp,2055,0.683698296836983,0.216301703163017,12.122530937194824
4,0.25,robust_local_cqr,clean,non_ramp,21369,0.9440778698114091,0.0,9.5557861328125
4,0.25,robust_local_cqr,clean,ramp,2055,0.789294403892944,0.11070559610705599,13.776978492736816
4,0.25,robust_local_cqr,combined_outage,non_ramp,21369,0.9271374420890074,0.0,11.192567825317383
4,0.25,robust_local_cqr,combined_outage,ramp,2055,0.8335766423357664,0.06642335766423357,16.667856216430664
4,0.25,robust_local_cqr,irradiance_outage,non_ramp,21369,0.9458093499929805,0.0,10.187552452087402
4,0.25,robust_local_cqr,irradiance_outage,ramp,2055,0.8111922141119221,0.08880778588807792,15.015458106994629
4,0.25,robust_local_cqr,recent_power_outage,non_ramp,21369,0.9347185174785905,0.0,11.088950157165527
4,0.25,robust_local_cqr,recent_power_outage,ramp,2055,0.8379562043795621,0.062043795620437936,15.954307556152344
4,0.25,robust_local_cqr,weather_outage,non_ramp,21369,0.9474004398895597,0.0,9.817683219909668
4,0.25,robust_local_cqr,weather_outage,ramp,2055,0.7907542579075426,0.10924574209245741,14.617539405822754
4,0.25,robust_risk_mondrian,clean,non_ramp,21369,0.9378071037484206,0.0,9.01418399810791
4,0.25,robust_risk_mondrian,clean,ramp,2055,0.7669099756690998,0.13309002433090023,13.463264465332031
4,0.25,robust_risk_mondrian,combined_outage,non_ramp,21369,0.9225045626842623,0.0,10.829869270324707
4,0.25,robust_risk_mondrian,combined_outage,ramp,2055,0.8,0.09999999999999998,15.881179809570312
4,0.25,robust_risk_mondrian,irradiance_outage,non_ramp,21369,0.9391174130750152,0.0,9.579340934753418
4,0.25,robust_risk_mondrian,irradiance_outage,ramp,2055,0.8004866180048662,0.09951338199513382,15.054293632507324
4,0.25,robust_risk_mondrian,recent_power_outage,non_ramp,21369,0.9266226777107024,0.0,10.135200500488281
4,0.25,robust_risk_mondrian,recent_power_outage,ramp,2055,0.7980535279805353,0.10194647201946472,14.750629425048828
4,0.25,robust_risk_mondrian,weather_outage,non_ramp,21369,0.9402405353549534,0.0,9.212157249450684
4,0.25,robust_risk_mondrian,weather_outage,ramp,2055,0.7625304136253042,0.13746958637469586,13.995651245117188
4,0.25,robust_rolling_cqr,clean,non_ramp,21369,0.9275586129439842,0.0,8.446268081665039
4,0.25,robust_rolling_cqr,clean,ramp,2055,0.6939172749391728,0.20608272506082725,11.609217643737793
4,0.25,robust_rolling_cqr,combined_outage,non_ramp,21369,0.915297861387992,0.0,10.579398155212402
4,0.25,robust_rolling_cqr,combined_outage,ramp,2055,0.7221411192214112,0.1778588807785888,14.375090599060059
4,0.25,robust_rolling_cqr,irradiance_outage,non_ramp,21369,0.9269970518040151,0.0,9.005763053894043
4,0.25,robust_rolling_cqr,irradiance_outage,ramp,2055,0.7245742092457421,0.1754257907542579,12.75117301940918
4,0.25,robust_rolling_cqr,recent_power_outage,non_ramp,21369,0.9214282371659881,0.0,10.141986846923828
4,0.25,robust_rolling_cqr,recent_power_outage,ramp,2055,0.7469586374695864,0.15304136253041367,13.646766662597656
4,0.25,robust_rolling_cqr,weather_outage,non_ramp,21369,0.9292900931255557,0.0,8.630934715270996
4,0.25,robust_rolling_cqr,weather_outage,ramp,2055,0.6807785888077859,0.21922141119221417,12.208550453186035
